date,new,cumulative,phase_1,phase_2,phase_3,phase_4,deaths
2020-01-22,0,0,1,0,0,0,0.0
2020-01-23,2,2,1,0,0,0,0.0
2020-01-24,0,2,1,0,0,0,0.0
2020-01-25,0,2,1,0,0,0,0.0
2020-01-26,0,2,1,0,0,0,0.0
2020-01-27,0,2,1,0,0,0,0.0
2020-01-28,0,2,1,0,0,0,0.0
2020-01-29,0,2,1,0,0,0,0.0
2020-01-30,0,2,1,0,0,0,0.0
2020-01-31,0,2,1,0,0,0,0.0
2020-02-01,4,6,1,0,0,0,0.0
2020-02-02,0,6,1,0,0,0,0.0
2020-02-03,2,8,1,0,0,0,0.0
2020-02-04,0,8,1,0,0,0,0.0
2020-02-05,0,8,1,0,0,0,0.0
2020-02-06,2,10,1,0,0,0,0.0
2020-02-07,0,10,1,0,0,0,0.0
2020-02-08,3,13,1,0,0,0,0.0
2020-02-09,0,13,1,0,0,0,0.0
2020-02-10,1,14,1,0,0,0,0.0
2020-02-11,1,15,1,0,0,0,0.0
2020-02-12,0,15,1,0,0,0,0.0
2020-02-13,1,16,1,0,0,0,0.0
2020-02-14,0,16,1,0,0,0,0.0
2020-02-15,0,16,1,0,0,0,0.0
2020-02-16,0,16,1,0,0,0,0.0
2020-02-17,0,16,1,0,0,0,0.0
2020-02-18,0,16,1,0,0,0,0.0
2020-02-19,0,16,1,0,0,0,0.0
2020-02-20,0,16,1,0,0,0,0.0
2020-02-21,0,16,1,0,0,0,0.0
2020-02-22,0,16,1,0,0,0,0.0
2020-02-23,0,16,1,0,0,0,0.0
2020-02-24,0,16,1,0,0,0,0.0
2020-02-25,0,16,1,0,0,0,0.0
2020-02-26,0,16,1,0,0,0,0.0
2020-02-27,0,16,1,0,0,0,0.0
2020-02-28,0,16,1,0,0,0,0.0
2020-02-29,0,16,1,0,0,0,0.0
2020-03-01,0,16,1,0,0,0,0.0
2020-03-02,0,16,1,0,0,0,0.0
2020-03-03,0,16,1,0,0,0,0.0
2020-03-04,0,16,1,0,0,0,0.0
2020-03-05,0,16,1,0,0,0,0.0
2020-03-06,0,16,1,0,0,0,0.0
2020-03-07,2,18,1,0,0,0,0.0
2020-03-08,12,30,1,0,0,0,0.0
2020-03-09,0,30,1,0,0,0,0.0
2020-03-10,1,31,1,0,0,0,0.0
2020-03-11,7,38,1,0,0,0,0.0
2020-03-12,1,39,1,0,0,0,0.0
2020-03-13,8,47,1,0,0,0,0.0
2020-03-14,6,53,1,0,0,0,0.0
2020-03-15,3,56,1,0,0,0,0.0
2020-03-16,5,61,1,0,0,0,0.0
2020-03-17,5,66,1,0,0,0,0.0
2020-03-18,9,75,1,0,0,0,0.0
2020-03-19,10,85,1,0,0,0,0.0
2020-03-20,6,91,1,0,0,0,0.0
2020-03-21,3,94,1,0,0,0,0.0
2020-03-22,19,113,1,0,0,0,0.0
2020-03-23,10,123,1,0,0,0,0.0
2020-03-24,11,134,1,0,0,0,0.0
2020-03-25,7,141,1,0,0,0,0.0
2020-03-26,12,153,1,0,0,0,0.0
2020-03-27,10,163,1,0,0,0,0.0
2020-03-28,11,174,1,0,0,0,0.0
2020-03-29,14,188,1,0,0,0,0.0
2020-03-30,15,203,1,0,0,0,0.0
2020-03-31,9,212,1,0,0,0,0.0
2020-04-01,6,218,1,0,0,0,0.0
2020-04-02,15,233,1,0,0,0,0.0
2020-04-03,4,237,1,0,0,0,0.0
2020-04-04,3,240,1,0,0,0,0.0
2020-04-05,1,241,1,0,0,0,0.0
2020-04-06,4,245,1,0,0,0,0.0
2020-04-07,4,249,1,0,0,0,0.0
2020-04-08,2,251,1,0,0,0,0.0
2020-04-09,4,255,1,0,0,0,0.0
2020-04-10,2,257,1,0,0,0,0.0
2020-04-11,1,258,1,0,0,0,0.0
2020-04-12,4,262,1,0,0,0,0.0
2020-04-13,3,265,1,0,0,0,0.0
2020-04-14,1,266,1,0,0,0,0.0
2020-04-15,1,267,1,0,0,0,0.0
2020-04-16,1,268,1,0,0,0,0.0
2020-04-17,0,268,1,0,0,0,0.0
2020-04-18,0,268,1,0,0,0,0.0
2020-04-19,0,268,1,0,0,0,0.0
2020-04-20,0,268,1,0,0,0,0.0
2020-04-21,0,268,1,0,0,0,0.0
2020-04-22,0,268,1,0,0,0,0.0
2020-04-23,0,268,1,0,0,0,0.0
2020-04-24,2,270,1,0,0,0,0.0
2020-04-25,0,270,1,0,0,0,0.0
2020-04-26,0,270,1,0,0,0,0.0
2020-04-27,0,270,1,0,0,0,0.0
2020-04-28,0,270,1,0,0,0,0.0
2020-04-29,0,270,1,0,0,0,0.0
2020-04-30,0,270,1,0,0,0,0.0
2020-05-01,0,270,1,0,0,0,0.0
2020-05-02,0,270,1,0,0,0,0.0
2020-05-03,1,271,1,0,0,0,0.0
2020-05-04,0,271,1,0,0,0,0.0
2020-05-05,0,271,1,0,0,0,0.0
2020-05-06,0,271,1,0,0,0,0.0
2020-05-07,17,288,1,0,0,0,0.0
2020-05-08,0,288,1,0,0,0,0.0
2020-05-09,0,288,1,0,0,0,0.0
2020-05-10,0,288,1,0,0,0,0.0
2020-05-11,0,288,1,0,0,0,0.0
2020-05-12,0,288,1,0,0,0,0.0
2020-05-13,0,288,1,0,0,0,0.0
2020-05-14,24,312,1,0,0,0,0.0
2020-05-15,2,314,1,0,0,0,0.0
2020-05-16,4,318,1,0,0,0,0.0
2020-05-17,2,320,1,0,0,0,0.0
2020-05-18,4,324,1,0,0,0,0.0
2020-05-19,0,324,1,0,0,0,0.0
2020-05-20,0,324,1,0,0,0,0.0
2020-05-21,0,324,1,0,0,0,0.0
2020-05-22,0,324,1,0,0,0,0.0
2020-05-23,1,325,1,0,0,0,0.0
2020-05-24,0,325,1,0,0,0,0.0
2020-05-25,1,326,1,0,0,0,0.0
2020-05-26,1,327,1,0,0,0,0.0
2020-05-27,0,327,1,0,0,0,0.0
2020-05-28,0,327,1,0,0,0,0.0
2020-05-29,1,328,1,0,0,0,0.0
2020-05-30,0,328,1,0,0,0,0.0
2020-05-31,0,328,1,0,0,0,0.0
2020-06-01,0,328,1,0,0,0,0.0
2020-06-02,0,328,1,0,0,0,0.0
2020-06-03,0,328,1,0,0,0,0.0
2020-06-04,0,328,1,0,0,0,0.0
2020-06-05,0,328,1,0,0,0,0.0
2020-06-06,1,329,1,0,0,0,0.0
2020-06-07,2,331,1,0,0,0,0.0
2020-06-08,1,332,1,0,0,0,0.0
2020-06-09,0,332,1,0,0,0,0.0
2020-06-10,0,332,1,0,0,0,0.0
2020-06-11,0,332,1,0,0,0,0.0
2020-06-12,1,333,1,0,0,0,0.0
2020-06-13,1,334,1,0,0,0,0.0
2020-06-14,0,334,1,0,0,0,0.0
2020-06-15,0,334,1,0,0,0,0.0
2020-06-16,0,334,1,0,0,0,0.0
2020-06-17,1,335,1,0,0,0,0.0
2020-06-18,7,342,1,0,0,0,0.0
2020-06-19,7,349,1,0,0,0,0.0
2020-06-20,0,349,1,0,0,0,0.0
2020-06-21,0,349,1,0,0,0,0.0
2020-06-22,0,349,1,0,0,0,0.0
2020-06-23,0,349,1,0,0,0,0.0
2020-06-24,3,352,1,0,0,0,0.0
2020-06-25,0,352,1,0,0,0,0.0
2020-06-26,1,353,1,0,0,0,0.0
2020-06-27,2,355,1,0,0,0,0.0
2020-06-28,0,355,1,0,0,0,0.0
2020-06-29,0,355,1,0,0,0,0.0
2020-06-30,0,355,1,0,0,0,0.0
2020-07-01,0,355,1,0,0,0,0.0
2020-07-02,0,355,1,0,0,0,0.0
2020-07-03,0,355,1,0,0,0,0.0
2020-07-04,0,355,1,0,0,0,0.0
2020-07-05,0,355,1,0,0,0,0.0
2020-07-06,14,369,1,0,0,0,0.0
2020-07-07,0,369,1,0,0,0,0.0
2020-07-08,0,369,1,0,0,0,0.0
2020-07-09,0,369,1,0,0,0,0.0
2020-07-10,1,370,1,0,0,0,0.0
2020-07-11,0,370,1,0,0,0,0.0
2020-07-12,2,372,1,0,0,0,0.0
2020-07-13,1,373,1,0,0,0,0.0
2020-07-14,0,373,1,0,0,0,0.0
2020-07-15,8,381,1,0,0,0,0.0
2020-07-16,0,381,1,0,0,0,0.0
2020-07-17,1,382,1,0,0,0,0.0
2020-07-18,0,382,1,0,0,0,0.0
2020-07-19,1,383,1,0,0,0,0.0
2020-07-20,1,384,1,0,0,0,0.0
2020-07-21,17,401,1,0,0,0,0.0
2020-07-22,7,408,1,0,0,0,0.0
2020-07-23,4,412,1,0,0,0,0.0
2020-07-24,3,415,1,0,0,0,0.0
2020-07-25,2,417,0,1,0,0,0.0
2020-07-26,3,420,0,1,0,0,0.0
2020-07-27,11,431,0,1,0,0,0.0
2020-07-28,15,446,0,1,0,0,0.0
2020-07-29,13,459,0,1,0,0,0.0
2020-07-30,50,509,0,1,0,0,0.0
2020-07-31,49,558,0,1,0,0,0.0
2020-08-01,32,590,0,1,0,0,0.020064073
2020-08-02,31,621,0,1,0,0,0.03009611
2020-08-03,31,652,0,1,0,0,0.06019222
2020-08-04,20,672,0,1,0,0,0.08025629
2020-08-05,45,717,0,1,0,0,0.08025629
2020-08-06,33,750,0,1,0,0,0.08025629
2020-08-07,39,789,0,1,0,0,0.10032037
2020-08-08,23,812,0,1,0,0,0.10032037
2020-08-09,29,841,0,1,0,0,0.10032037
2020-08-10,6,847,0,1,0,0,0.110352404
2020-08-11,19,866,0,1,0,0,0.15048055
2020-08-12,17,883,0,1,0,0,0.17054462
2020-08-13,28,911,0,1,0,0,0.18057667
2020-08-14,19,930,0,1,0,0,0.21067277
2020-08-15,21,951,0,1,0,0,0.22070481
2020-08-16,13,964,0,1,0,0,0.23073685
2020-08-17,19,983,0,1,0,0,0.24076888
2020-08-18,6,989,0,1,0,0,0.2508009
2020-08-19,5,994,0,1,0,0,0.2508009
2020-08-20,13,1007,0,1,0,0,0.2508009
2020-08-21,2,1009,0,1,0,0,0.2508009
2020-08-22,5,1014,0,1,0,0,0.2508009
2020-08-23,2,1016,0,1,0,0,0.26083297
2020-08-24,6,1022,0,1,0,0,0.270865
2020-08-25,7,1029,0,1,0,0,0.270865
2020-08-26,5,1034,0,1,0,0,0.270865
2020-08-27,2,1036,0,1,0,0,0.29092908
2020-08-28,2,1038,0,1,0,0,0.3009611
2020-08-29,2,1040,0,1,0,0,0.3009611
2020-08-30,0,1040,0,1,0,0,0.32102516
2020-08-31,4,1044,0,1,0,0,0.32102516
2020-09-01,0,1044,0,1,0,0,0.34108925
2020-09-02,2,1046,0,1,0,0,0.34108925
2020-09-03,0,1046,0,1,0,0,0.34108925
2020-09-04,3,1049,0,1,0,0,0.35112128
2020-09-05,0,1049,0,1,0,0,0.35112128
2020-09-06,0,1049,0,1,0,0,0.35112128
2020-09-07,0,1049,0,1,0,0,0.35112128
2020-09-08,5,1054,0,1,0,0,0.35112128
2020-09-09,5,1059,0,1,0,0,0.35112128
2020-09-10,0,1059,0,1,0,0,0.35112128
2020-09-11,1,1060,0,1,0,0,0.35112128
2020-09-12,0,1060,0,1,0,0,0.35112128
2020-09-13,3,1063,0,1,0,0,0.35112128
2020-09-14,0,1063,0,1,0,0,0.35112128
2020-09-15,0,1063,0,1,0,0,0.35112128
2020-09-16,0,1063,0,1,0,0,0.35112128
2020-09-17,3,1066,0,1,0,0,0.35112128
2020-09-18,2,1068,0,1,0,0,0.35112128
2020-09-19,0,1068,0,1,0,0,0.35112128
2020-09-20,0,1068,0,1,0,0,0.35112128
2020-09-21,0,1068,0,1,0,0,0.35112128
2020-09-22,0,1068,0,1,0,0,0.35112128
2020-09-23,1,1069,0,1,0,0,0.35112128
2020-09-24,0,1069,0,1,0,0,0.35112128
2020-09-25,0,1069,0,1,0,0,0.35112128
2020-09-26,0,1069,0,1,0,0,0.35112128
2020-09-27,5,1074,0,1,0,0,0.35112128
2020-09-28,3,1077,0,1,0,0,0.35112128
2020-09-29,17,1094,0,1,0,0,0.35112128
2020-09-30,0,1094,0,1,0,0,0.35112128
2020-10-01,1,1095,0,1,0,0,0.35112128
2020-10-02,1,1096,0,1,0,0,0.35112128
2020-10-03,0,1096,0,1,0,0,0.35112128
2020-10-04,0,1096,0,1,0,0,0.35112128
2020-10-05,1,1097,0,1,0,0,0.35112128
2020-10-06,1,1098,0,1,0,0,0.35112128
2020-10-07,1,1099,0,1,0,0,0.35112128
2020-10-08,1,1100,0,1,0,0,0.35112128
2020-10-09,5,1105,0,1,0,0,0.35112128
2020-10-10,2,1107,0,1,0,0,0.35112128
2020-10-11,2,1109,0,1,0,0,0.35112128
2020-10-12,1,1110,0,1,0,0,0.35112128
2020-10-13,3,1113,0,1,0,0,0.35112128
2020-10-14,9,1122,0,1,0,0,0.35112128
2020-10-15,2,1124,0,1,0,0,0.35112128
2020-10-16,0,1124,0,1,0,0,0.35112128
2020-10-17,2,1126,0,1,0,0,0.35112128
2020-10-18,8,1134,0,1,0,0,0.35112128
2020-10-19,6,1140,0,1,0,0,0.35112128
2020-10-20,1,1141,0,1,0,0,0.35112128
2020-10-21,3,1144,0,1,0,0,0.35112128
2020-10-22,4,1148,0,1,0,0,0.35112128
2020-10-23,0,1148,0,1,0,0,0.35112128
2020-10-24,12,1160,0,1,0,0,0.35112128
2020-10-25,8,1168,0,1,0,0,0.35112128
2020-10-26,1,1169,0,1,0,0,0.35112128
2020-10-27,3,1172,0,1,0,0,0.35112128
2020-10-28,1,1173,0,1,0,0,0.35112128
2020-10-29,4,1177,0,1,0,0,0.35112128
2020-10-30,0,1177,0,1,0,0,0.35112128
2020-10-31,3,1180,0,1,0,0,0.35112128
2020-11-01,0,1180,0,1,0,0,0.35112128
2020-11-02,12,1192,0,1,0,0,0.35112128
2020-11-03,10,1202,0,1,0,0,0.35112128
2020-11-04,1,1203,0,1,0,0,0.35112128
2020-11-05,4,1207,0,1,0,0,0.35112128
2020-11-06,5,1212,0,1,0,0,0.35112128
2020-11-07,1,1213,0,1,0,0,0.35112128
2020-11-08,2,1215,0,1,0,0,0.35112128
2020-11-09,2,1217,0,1,0,0,0.35112128
2020-11-10,11,1228,0,1,0,0,0.35112128
2020-11-11,24,1252,0,1,0,0,0.35112128
2020-11-12,1,1253,0,1,0,0,0.35112128
2020-11-13,3,1256,0,1,0,0,0.35112128
2020-11-14,9,1265,0,1,0,0,0.35112128
2020-11-15,16,1281,0,1,0,0,0.35112128
2020-11-16,2,1283,0,1,0,0,0.35112128
2020-11-17,5,1288,0,1,0,0,0.35112128
2020-11-18,12,1300,0,1,0,0,0.35112128
2020-11-19,4,1304,0,1,0,0,0.35112128
2020-11-20,1,1305,0,1,0,0,0.35112128
2020-11-21,1,1306,0,1,0,0,0.35112128
2020-11-22,1,1307,0,1,0,0,0.35112128
2020-11-23,5,1312,0,1,0,0,0.35112128
2020-11-24,4,1316,0,1,0,0,0.35112128
2020-11-25,5,1321,0,1,0,0,0.35112128
2020-11-26,10,1331,0,1,0,0,0.35112128
2020-11-27,8,1339,0,1,0,0,0.35112128
2020-11-28,2,1341,0,1,0,0,0.35112128
2020-11-29,2,1343,0,1,0,0,0.35112128
2020-11-30,4,1347,0,1,0,0,0.35112128
2020-12-01,4,1351,0,1,0,0,0.35112128
2020-12-02,7,1358,0,1,0,0,0.35112128
2020-12-03,3,1361,0,1,0,0,0.35112128
2020-12-04,0,1361,0,1,0,0,0.35112128
2020-12-05,4,1365,0,1,0,0,0.35112128
2020-12-06,1,1366,0,1,0,0,0.35112128
2020-12-07,1,1367,0,1,0,0,0.35112128
2020-12-08,10,1377,0,1,0,0,0.35112128
2020-12-09,4,1381,0,1,0,0,0.35112128
2020-12-10,4,1385,0,1,0,0,0.35112128
2020-12-11,6,1391,0,1,0,0,0.35112128
2020-12-12,4,1395,0,1,0,0,0.35112128
2020-12-13,2,1397,0,1,0,0,0.35112128
2020-12-14,5,1402,0,1,0,0,0.35112128
2020-12-15,3,1405,0,1,0,0,0.35112128
2020-12-16,0,1405,0,1,0,0,0.35112128
2020-12-17,2,1407,0,1,0,0,0.35112128
2020-12-18,3,1410,0,1,0,0,0.35112128
2020-12-19,1,1411,0,1,0,0,0.35112128
2020-12-20,2,1413,0,1,0,0,0.35112128
2020-12-21,1,1414,0,1,0,0,0.35112128
2020-12-22,6,1420,0,1,0,0,0.35112128
2020-12-23,1,1421,0,1,0,0,0.35112128
2020-12-24,11,1432,0,1,0,0,0.35112128
2020-12-25,7,1439,0,1,0,0,0.35112128
2020-12-26,1,1440,0,1,0,0,0.35112128
2020-12-27,1,1441,0,1,0,0,0.35112128
2020-12-28,10,1451,0,1,0,0,0.35112128
2020-12-29,3,1454,0,1,0,0,0.35112128
2020-12-30,2,1456,0,1,0,0,0.35112128
2020-12-31,9,1465,0,1,0,0,0.35112128
2021-01-01,9,1474,0,1,0,0,0.35112128
2021-01-02,8,1482,0,1,0,0,0.35112128
2021-01-03,12,1494,0,1,0,0,0.35112128
2021-01-04,3,1497,0,1,0,0,0.35112128
2021-01-05,7,1504,0,1,0,0,0.35112128
2021-01-06,1,1505,0,1,0,0,0.35112128
2021-01-07,4,1509,0,1,0,0,0.35112128
2021-01-08,3,1512,0,1,0,0,0.35112128
2021-01-09,1,1513,0,1,0,0,0.35112128
2021-01-10,1,1514,0,1,0,0,0.35112128
2021-01-11,1,1515,0,1,0,0,0.35112128
2021-01-12,5,1520,0,1,0,0,0.35112128
2021-01-13,1,1521,0,1,0,0,0.35112128
2021-01-14,10,1531,0,1,0,0,0.35112128
2021-01-15,5,1536,0,1,0,0,0.35112128
2021-01-16,1,1537,0,1,0,0,0.35112128
2021-01-17,0,1537,0,1,0,0,0.35112128
2021-01-18,2,1539,0,1,0,0,0.35112128
2021-01-19,1,1540,0,1,0,0,0.35112128
2021-01-20,4,1544,0,1,0,0,0.35112128
2021-01-21,2,1546,0,1,0,0,0.35112128
2021-01-22,2,1548,0,1,0,0,0.35112128
2021-01-23,0,1548,0,1,0,0,0.35112128
2021-01-24,0,1548,0,1,0,0,0.35112128
2021-01-25,1,1549,0,1,0,0,0.35112128
2021-01-26,2,1551,0,1,0,0,0.35112128
2021-01-27,2,1553,0,1,0,0,0.35112128
2021-01-28,98,1651,0,0,1,0,0.35112128
2021-01-29,6,1657,0,0,1,0,0.35112128
2021-01-30,110,1767,0,0,1,0,0.35112128
2021-01-31,50,1817,0,0,1,0,0.35112128
2021-02-01,33,1850,0,0,1,0,0.35112128
2021-02-02,32,1882,0,0,1,0,0.35112128
2021-02-03,66,1948,0,0,1,0,0.35112128
2021-02-04,9,1957,0,0,1,0,0.35112128
2021-02-05,19,1976,0,0,1,0,0.35112128
2021-02-06,9,1985,0,0,1,0,0.35112128
2021-02-07,16,2001,0,0,1,0,0.35112128
2021-02-08,49,2050,0,0,1,0,0.35112128
2021-02-09,14,2064,0,0,1,0,0.35112128
2021-02-10,27,2091,0,0,1,0,0.35112128
2021-02-11,49,2140,0,0,1,0,0.35112128
2021-02-12,2,2142,0,0,1,0,0.35112128
2021-02-13,53,2195,0,0,1,0,0.35112128
2021-02-14,33,2228,0,0,1,0,0.35112128
2021-02-15,41,2269,0,0,1,0,0.35112128
2021-02-16,42,2311,0,0,1,0,0.35112128
2021-02-17,18,2329,0,0,1,0,0.35112128
2021-02-18,18,2347,0,0,1,0,0.35112128
2021-02-19,15,2362,0,0,1,0,0.35112128
2021-02-20,6,2368,0,0,1,0,0.35112128
2021-02-21,15,2383,0,0,1,0,0.35112128
2021-02-22,9,2392,0,0,1,0,0.35112128
2021-02-23,11,2403,0,0,1,0,0.35112128
2021-02-24,9,2412,0,0,1,0,0.35112128
2021-02-25,9,2421,0,0,1,0,0.35112128
2021-02-26,5,2426,0,0,1,0,0.35112128
2021-02-27,6,2432,0,0,1,0,0.35112128
2021-02-28,16,2448,0,0,1,0,0.35112128
2021-03-01,0,2448,0,0,1,0,0.35112128
2021-03-02,27,2475,0,0,1,0,0.35112128
2021-03-03,7,2482,0,0,1,0,0.35112128
2021-03-04,6,2488,0,0,1,0,0.35112128
2021-03-05,6,2494,0,0,1,0,0.35112128
2021-03-06,7,2501,0,0,1,0,0.35112128
2021-03-07,11,2512,0,0,1,0,0.35112128
2021-03-08,12,2524,0,0,1,0,0.35112128
2021-03-09,2,2526,0,0,1,0,0.35112128
2021-03-10,3,2529,0,0,1,0,0.35112128
2021-03-11,4,2533,0,0,1,0,0.35112128
2021-03-12,17,2550,0,0,1,0,0.35112128
2021-03-13,3,2553,0,0,1,0,0.35112128
2021-03-14,1,2554,0,0,1,0,0.35112128
2021-03-15,3,2557,0,0,1,0,0.35112128
2021-03-16,3,2560,0,0,1,0,0.35112128
2021-03-17,7,2567,0,0,1,0,0.35112128
2021-03-18,3,2570,0,0,1,0,0.35112128
2021-03-19,1,2571,0,0,1,0,0.35112128
2021-03-20,1,2572,0,0,1,0,0.35112128
2021-03-21,0,2572,0,0,1,0,0.35112128
2021-03-22,3,2575,0,0,1,0,0.35112128
2021-03-23,1,2576,0,0,1,0,0.35112128
2021-03-24,3,2579,0,0,1,0,0.35112128
2021-03-25,7,2586,0,0,1,0,0.35112128
2021-03-26,0,2586,0,0,1,0,0.35112128
2021-03-27,5,2591,0,0,1,0,0.35112128
2021-03-28,3,2594,0,0,1,0,0.35112128
2021-03-29,0,2594,0,0,1,0,0.35112128
2021-03-30,0,2594,0,0,1,0,0.35112128
2021-03-31,9,2603,0,0,1,0,0.35112128
2021-04-01,14,2617,0,0,1,0,0.35112128
2021-04-02,3,2620,0,0,1,0,0.35112128
2021-04-03,6,2626,0,0,1,0,0.35112128
2021-04-04,5,2631,0,0,1,0,0.35112128
2021-04-05,6,2637,0,0,1,0,0.35112128
2021-04-06,11,2648,0,0,1,0,0.35112128
2021-04-07,11,2659,0,0,1,0,0.35112128
2021-04-08,9,2668,0,0,1,0,0.35112128
2021-04-09,15,2683,0,0,1,0,0.35112128
2021-04-10,9,2692,0,0,1,0,0.35112128
2021-04-11,1,2693,0,0,1,0,0.35112128
2021-04-12,12,2705,0,0,1,0,0.35112128
2021-04-13,9,2714,0,0,1,0,0.35112128
2021-04-14,19,2733,0,0,1,0,0.35112128
2021-04-15,25,2758,0,0,1,0,0.35112128
2021-04-16,14,2772,0,0,1,0,0.35112128
2021-04-17,9,2781,0,0,1,0,0.35112128
2021-04-18,4,2785,0,0,1,0,0.35112128
2021-04-19,6,2791,0,0,1,0,0.35112128
2021-04-20,9,2800,0,0,1,0,0.35112128
2021-04-21,12,2812,0,0,1,0,0.35112128
2021-04-22,12,2824,0,0,1,0,0.35112128
2021-04-23,6,2830,0,0,1,0,0.35112128
2021-04-24,3,2833,0,0,1,0,0.35112128
2021-04-25,10,2843,0,0,1,0,0.35112128
2021-04-26,9,2852,0,0,1,0,0.35112128
2021-04-27,5,2857,0,0,0,1,0.35112128
2021-04-28,8,2865,0,0,0,1,0.35112128
2021-04-29,45,2910,0,0,0,1,0.35112128
2021-04-30,18,2928,0,0,0,1,0.35112128
2021-05-01,14,2942,0,0,0,1,0.35112128
2021-05-02,20,2962,0,0,0,1,0.35112128
2021-05-03,23,2985,0,0,0,1,0.35112128
2021-05-04,10,2995,0,0,0,1,0.35112128
2021-05-05,35,3030,0,0,0,1,0.35112128
2021-05-06,60,3090,0,0,0,1,0.35112128
2021-05-07,47,3137,0,0,0,1,0.35112128
2021-05-08,108,3245,0,0,0,1,0.35112128
2021-05-09,167,3412,0,0,0,1,0.35112128
2021-05-10,77,3489,0,0,0,1,0.35112128
2021-05-11,82,3571,0,0,0,1,0.35112128
2021-05-12,87,3658,0,0,0,1,0.35112128
2021-05-13,82,3740,0,0,0,1,0.35112128
2021-05-14,76,3816,0,0,0,1,0.35112128
2021-05-15,296,4112,0,0,0,1,0.35112128
2021-05-16,100,4212,0,0,0,1,0.37118536
2021-05-17,147,4359,0,0,0,1,0.37118536
2021-05-18,153,4512,0,0,0,1,0.37118536
2021-05-19,208,4720,0,0,0,1,0.37118536
2021-05-20,89,4809,0,0,0,1,0.37118536
2021-05-21,132,4941,0,0,0,1,0.37118536
2021-05-22,178,5119,0,0,0,1,0.37118536
2021-05-23,156,5275,0,0,0,1,0.42134553
2021-05-24,129,5404,0,0,0,1,0.42134553
2021-05-25,527,5931,0,0,0,1,0.42134553
2021-05-26,155,6086,0,0,0,1,0.42134553
2021-05-27,270,6356,0,0,0,1,0.42134553
2021-05-28,40,6396,0,0,0,1,0.42134553
2021-05-29,512,6908,0,0,0,1,0.47150573
2021-05-30,199,7107,0,0,0,1,0.47150573
2021-05-31,325,7432,0,0,0,1,0.47150573
2021-06-01,193,7625,0,0,0,1,0.48153776
2021-06-02,245,7870,0,0,0,1,0.4915698
2021-06-03,193,8063,0,0,0,1,0.4915698
2021-06-04,301,8364,0,0,0,1,0.5116339
2021-06-05,216,8580,0,0,0,1,0.5316979
2021-06-06,211,8791,0,0,0,1,0.5316979
2021-06-07,236,9027,0,0,0,1,0.54173
2021-06-08,195,9222,0,0,0,1,0.56179404
2021-06-09,413,9635,0,0,0,1,0.56179404
2021-06-10,200,9835,0,0,0,1,0.56179404
2021-06-11,213,10048,0,0,0,1,0.58185816
2021-06-12,289,10337,0,0,0,1,0.59189016
2021-06-13,293,10630,0,0,0,1,0.6019222
2021-06-14,251,10881,0,0,0,1,0.6019222
2021-06-15,423,11304,0,0,0,1,0.62198627
2021-06-16,490,11794,0,0,0,1,0.62198627
2021-06-17,356,12150,0,0,0,1,0.62198627
2021-06-18,358,12508,0,0,0,1,0.6320183
2021-06-19,470,12978,0,0,0,1,0.6520824
2021-06-20,280,13258,0,0,0,1,0.67214644
2021-06-21,272,13530,0,0,0,1,0.7122746
2021-06-22,252,13782,0,0,0,1,0.7122746
2021-06-23,207,13989,0,0,0,1,0.72230667
2021-06-24,334,14323,0,0,0,1,0.7524028
2021-06-25,214,14537,0,0,0,1,0.77246684
2021-06-26,788,15325,0,0,0,1,0.77246684
2021-06-27,415,15740,0,0,0,1,0.80256295
2021-06-28,396,16136,0,0,0,1,0.822627
2021-06-29,371,16507,0,0,0,1,0.84269106
2021-06-30,545,17052,0,0,0,1,0.8727872
2021-07-01,675,17727,0,0,0,1,0.8727872
2021-07-02,394,18121,0,0,0,1,0.9229474
2021-07-03,1189,19310,0,0,0,1,0.9229474
2021-07-04,951,20261,0,0,0,1,0.99317163
2021-07-05,1051,21312,0,0,0,1,1.0633959
2021-07-06,1029,22341,0,0,0,1,1.1336201
2021-07-07,1044,23385,0,0,0,1,1.2138765
2021-07-08,1425,24810,0,0,0,1,1.2740687
2021-07-09,1798,26608,0,0,0,1,1.3844211
2021-07-10,1862,28470,0,0,0,1,1.4646773
2021-07-11,2008,30478,0,0,0,1,1.6251899
2021-07-12,2187,32665,0,0,0,1,1.7957345
2021-07-13,2744,35409,0,0,0,1,1.9462152
2021-07-14,2830,38239,0,0,0,1,2.0565674
2021-07-15,4049,42288,0,0,0,1,2.0766315
2021-07-16,4004,46292,0,0,0,1,2.2572083
2021-07-17,4710,51002,0,0,0,1,2.2572083
2021-07-18,4843,55845,0,0,0,1,2.5481374
2021-07-19,4335,60180,0,0,0,1,2.5481374
2021-07-20,5427,65607,0,0,0,1,3.3507004
2021-07-21,5537,71144,0,0,0,1,3.7118535
2021-07-22,7125,78269,0,0,0,1,3.7118535
2021-07-23,8688,86957,0,0,0,1,3.7118535
2021-07-24,7956,94913,0,0,0,1,3.7118535
2021-07-25,6260,101173,0,0,0,1,3.7118535
2021-07-26,5174,106347,0,0,0,1,5.2567873
2021-07-27,10774,117121,0,0,0,1,5.2567873
2021-07-28,6519,123640,0,0,0,1,6.3201833
2021-07-29,9765,133405,0,0,0,1,10.252742
2021-07-30,7717,141122,0,0,0,1,11.647195
2021-07-31,8938,150060,0,0,0,1,13.10184
2021-08-01,7447,157507,0,0,0,1,13.10184
2021-08-02,0,157507,0,0,0,1,18.87026
2021-08-03,16954,174461,0,0,0,1,20.776348
2021-08-04,7295,181756,0,0,0,1,23.34455
2021-08-05,7310,189066,0,0,0,1,27.28714
2021-08-06,4315,193381,0,0,0,1,30.256622
2021-08-07,12275,205656,0,0,0,1,32.60412
2021-08-08,9904,215560,0,0,0,1,34.078827
2021-08-09,9334,224894,0,0,0,1,37.69036
2021-08-10,8043,232937,0,0,0,1,41.58279
2021-08-11,8606,241543,0,0,0,1,45.01375
2021-08-12,5025,246568,0,0,0,1,48.28419
2021-08-13,9180,255748,0,0,0,1,51.043003
2021-08-14,9716,265464,0,0,0,1,54.54418
2021-08-15,9580,275044,0,0,0,1,57.92498
2021-08-16,8652,283696,0,0,0,1,61.60674
2021-08-17,9605,293301,0,0,0,1,64.927345
2021-08-18,8800,302101,0,0,0,1,67.916885
2021-08-19,10510,312611,0,0,0,1,71.729065
2021-08-20,10657,323268,0,0,0,1,75.641556
2021-08-21,13439,336707,0,0,0,1,75.641556
2021-08-22,11352,348059,0,0,0,1,83.03517
2021-08-23,10397,358456,0,0,0,1,86.93763
2021-08-24,10811,369267,0,0,0,1,90.42878
2021-08-25,12096,381363,0,0,0,1,93.78951
2021-08-26,11575,392938,0,0,0,1,96.9797
2021-08-27,17428,410366,0,0,0,1,100.852066
2021-08-28,12103,422469,0,0,0,1,104.38334
2021-08-29,12796,435265,0,0,0,1,107.834366
2021-08-30,14224,449489,0,0,0,1,110.99445
2021-08-31,12607,462096,0,0,0,1,110.99445
2021-09-01,11434,473530,0,0,0,1,119.06021
2021-09-02,13197,486727,0,0,0,1,121.76886
2021-09-03,14922,501649,0,0,0,1,124.85873
2021-09-04,9521,511170,0,0,0,1,128.33984
2021-09-05,13137,524307,0,0,0,1,131.15884
2021-09-06,12481,536788,0,0,0,1,134.27881
2021-09-07,14208,550996,0,0,0,1,137.44893
2021-09-08,12680,563676,0,0,0,1,141.80284
2021-09-09,12420,576096,0,0,0,1,145.16357
2021-09-10,13321,589417,0,0,0,1,147.92238
2021-09-11,11932,601349,0,0,0,1,150.66113
2021-09-12,12026,613375,0,0,0,1,153.2795
2021-09-13,11172,624547,0,0,0,1,157.1017
2021-09-14,10508,635055,0,0,0,1,159.87054
2021-09-15,10585,645640,0,0,0,1,162.37854
2021-09-16,10489,656129,0,0,0,1,164.7762
2021-09-17,11521,667650,0,0,0,1,166.903
2021-09-18,9373,677023,0,0,0,1,169.11005
2021-09-19,10040,687063,0,0,0,1,171.44751
2021-09-20,8681,695744,0,0,0,1,173.6044
2021-09-21,11692,707436,0,0,0,1,176.01208
2021-09-22,11527,718963,0,0,0,1,178.37964
2021-09-23,9472,728435,0,0,0,1,182.7837
2021-09-24,8537,736972,0,0,0,1,182.7837
2021-09-25,9706,746678,0,0,0,1,184.58948
2021-09-26,10011,756689,0,0,0,1,186.43536
2021-09-27,9362,766051,0,0,0,1,188.18094
2021-09-28,4589,770640,0,0,0,1,189.96664
2021-09-29,8758,779398,0,0,0,1,191.59184
2021-09-30,11357,790755,0,0,0,1,193.62834
2021-10-01,6957,797712,0,0,0,1,194.99269
2021-10-02,5490,803202,0,0,0,1,196.63795
2021-10-03,5376,808578,0,0,0,1,197.7816
2021-10-04,5383,813961,0,0,0,1,199.08577
2021-10-05,4363,818324,0,0,0,1,200.43007
2021-10-06,4363,822687,0,0,0,1,201.62387
2021-10-07,4150,826837,0,0,0,1,202.87788
2021-10-08,4806,831643,0,0,0,1,204.02153
2021-10-09,4491,836134,0,0,0,1,205.07489
2021-10-10,3528,839662,0,0,0,1,206.20851
2021-10-11,3619,843281,0,0,0,1,207.3622
2021-10-12,2949,846230,0,0,0,1,208.29518
2021-10-13,3461,849691,0,0,0,1,209.35858
2021-10-14,4151,853842,0,0,0,1,210.17117
2021-10-15,3797,857639,0,0,0,1,211.10414
2021-10-16,3221,860860,0,0,0,1,211.98697
2021-10-17,3193,864053,0,0,0,1,212.61899
2021-10-18,3168,867221,0,0,0,1,213.37138
2021-10-19,3034,870255,0,0,0,1,214.1238
2021-10-20,3646,873901,0,0,0,1,214.8461
2021-10-21,3636,877537,0,0,0,1,215.05678
2021-10-22,3985,881522,0,0,0,1,216.12016
2021-10-23,3373,884895,0,0,0,1,216.89264
2021-10-24,4045,888940,0,0,0,1,217.42433
2021-10-25,3639,892579,0,0,0,1,218.07642
2021-10-26,3595,896174,0,0,0,1,218.71846
2021-10-27,4411,900585,0,0,0,1,219.2602
2021-10-28,4892,905477,0,0,0,1,219.80193
2021-10-29,4899,910376,0,0,0,1,220.36372
2021-10-30,5227,915603,0,0,0,1,221.00577
2021-10-31,5519,921122,0,0,0,1,221.53746
2021-11-01,5598,926720,0,0,0,1,222.05913
2021-11-02,5637,932357,0,0,0,1,222.76137
2021-11-03,7106,939463,0,0,0,1,223.54387
2021-11-04,6580,946043,0,0,0,1,224.13576
2021-11-05,7504,953547,0,0,0,1,224.83801
2021-11-06,7491,961038,0,0,0,1,225.41986
2021-11-07,7646,968684,0,0,0,1,226.03181
2021-11-08,7988,976672,0,0,0,1,226.70396
2021-11-09,8133,984805,0,0,0,1,227.58679
2021-11-10,7930,992735,0,0,0,1,228.37932
2021-11-11,8162,1000897,0,0,0,1,229.222
2021-11-12,8982,1009879,0,0,0,1,230.0346
2021-11-13,8467,1018346,0,0,0,1,230.91742
2021-11-14,8176,1026522,0,0,0,1,231.55948
2021-11-15,8616,1035138,0,0,0,1,232.57271
2021-11-16,10259,1045397,0,0,0,1,233.4455
2021-11-17,9849,1055246,0,0,0,1,234.11765
2021-11-18,10223,1065469,0,0,0,1,235.5121
2021-11-19,9625,1075094,0,0,0,1,236.53535
2021-11-20,19420,1094514,0,0,0,1,237.6088
2021-11-21,9889,1104403,0,0,0,1,238.37123
2021-11-22,432,1104835,0,0,0,1,240.27731
2021-11-23,39132,1143967,0,0,0,1,241.95267
2021-11-24,11811,1155778,0,0,0,1,243.20667
2021-11-25,12450,1168228,0,0,0,1,244.85191
2021-11-26,13109,1181337,0,0,0,1,246.2263
2021-11-27,16067,1197404,0,0,0,1,247.71104
2021-11-28,12936,1210340,0,0,0,1,249.61714
2021-11-29,13770,1224110,0,0,0,1,251.35268
2021-11-30,13972,1238082,0,0,0,1,253.329
2021-12-01,14508,1252590,0,0,0,1,255.29527
2021-12-02,13698,1266288,0,0,0,1,257.402
2021-12-03,14492,1280780,0,0,0,1,259.40842
2021-12-04,13998,1294778,0,0,0,1,261.44492
2021-12-05,14314,1309092,0,0,0,1,263.44128
2021-12-06,14591,1323683,0,0,0,1,265.67844
2021-12-07,13840,1337523,0,0,0,1,267.85538
2021-12-08,14599,1352122,0,0,0,1,270.16275
2021-12-09,15311,1367433,0,0,0,1,272.73096
2021-12-10,14839,1382272,0,0,0,1,274.89786
2021-12-11,16141,1398413,0,0,0,1,276.99457
2021-12-12,14638,1413051,0,0,0,1,279.28186
2021-12-13,15377,1428428,0,0,0,1,281.70963
2021-12-14,15220,1443648,0,0,0,1,284.2377
2021-12-15,15527,1459175,0,0,0,1,287.07675
2021-12-16,34062,1493237,0,0,0,1,289.49448
2021-12-17,15236,1508473,0,0,0,1,291.96237
2021-12-18,15895,1524368,0,0,0,1,294.45032
2021-12-19,16110,1540478,0,0,0,1,296.6072
2021-12-20,14977,1555455,0,0,0,1,298.8644
2021-12-21,16325,1571780,0,0,0,1,301.3724
2021-12-22,16555,1588335,0,0,0,1,303.47916
2021-12-23,16377,1604712,0,0,0,1,306.28812
2021-12-24,16157,1620869,0,0,0,1,308.64563
2021-12-25,15586,1636455,0,0,0,1,311.06335
2021-12-26,15218,1651673,0,0,0,1,313.13998
2021-12-27,14872,1666545,0,0,0,1,315.18652
2021-12-28,14440,1680985,0,0,0,1,317.33337
2021-12-29,13889,1694874,0,0,0,1,319.79123
2021-12-30,19868,1714742,0,0,0,1,322.71057
2021-12-31,16515,1731257,0,0,0,1,324.97778
2022-01-01,14835,1746092,0,0,0,1,327.1447
2022-01-02,16948,1763040,0,0,0,1,329.3618
2022-01-03,15936,1778976,0,0,0,1,331.26788
2022-01-04,21728,1800704,0,0,0,1,333.51505
2022-01-05,17017,1817721,0,0,0,1,335.82242
2022-01-06,25842,1843563,0,0,0,1,337.51785
2022-01-07,16278,1859841,0,0,0,1,339.85532
2022-01-08,16553,1876394,0,0,0,1,342.263
2022-01-09,23181,1899575,0,0,0,1,344.28946
2022-01-10,14818,1914393,0,0,0,1,346.41626
2022-01-11,16035,1930428,0,0,0,1,348.98447
2022-01-12,28291,1958719,0,0,0,1,350.76013
2022-01-13,16725,1975444,0,0,0,1,352.82672
2022-01-14,16040,1991484,0,0,0,1,354.5422
2022-01-15,16378,2007862,0,0,0,1,355.93668
2022-01-16,15864,2023726,0,0,0,1,357.2308
2022-01-17,0,2023726,0,0,0,1,359.02652
2022-01-18,38582,2062308,0,0,0,1,360.87244
2022-01-19,15959,2078267,0,0,0,1,362.29697
2022-01-20,16715,2094982,0,0,0,1,363.82184
2022-01-21,15935,2110917,0,0,0,1,365.5975
2022-01-22,15707,2126624,0,0,0,1,367.13242
2022-01-23,14978,2141602,0,0,0,1,368.36636
2022-01-24,14362,2155964,0,0,0,1,370.02164
2022-01-25,15743,2171707,0,0,0,1,371.28568
2022-01-26,15954,2187661,0,0,0,1,372.84064
2022-01-27,15727,2203388,0,0,0,1,374.10468
2022-01-28,14929,2218317,0,0,0,1,375.5192
2022-01-29,15150,2233467,0,0,0,1,376.67288
2022-01-30,29766,2263233,0,0,0,1,377.88675
2022-01-31,12674,2275907,0,0,0,1,378.98026
2022-02-01,11023,2286930,0,0,0,1,378.98026
2022-02-02,8744,2295674,0,0,0,1,378.98026
2022-02-03,8601,2304275,0,0,0,1,381.84943
2022-02-04,11594,2315869,0,0,0,1,382.6921
2022-02-05,12170,2328039,0,0,0,1,383.83575
2022-02-06,14112,2342151,0,0,0,1,384.46777
2022-02-07,16815,2358966,0,0,0,1,385.47098
2022-02-08,21909,2380875,0,0,0,1,386.4441
2022-02-09,23956,2404831,0,0,0,1,387.37708
2022-02-10,26032,2430863,0,0,0,1,388.11945
2022-02-11,26487,2457350,0,0,0,1,389.08252
2022-02-12,27311,2484661,0,0,0,1,389.86502
2022-02-13,26379,2511040,0,0,0,1,390.7077
2022-02-14,29413,2540453,0,0,0,1,391.6206
2022-02-15,31814,2572267,0,0,0,1,392.47333
2022-02-16,34717,2606984,0,0,0,1,393.13547
2022-02-17,36200,2643184,0,0,0,1,394.03833
2022-02-18,42439,2685623,0,0,0,1,394.8409
2022-02-19,54830,2740453,0,0,0,1,395.49298
2022-02-20,47200,2787653,0,0,0,1,396.27548
2022-02-21,46880,2834533,0,0,0,1,397.31882
2022-02-22,56149,2890682,0,0,0,1,398.09128
2022-02-23,81856,2972538,0,0,0,1,398.46246
2022-02-24,69128,3041666,0,0,0,1,400.11774
2022-02-25,78795,3120461,0,0,0,1,400.90024
2022-02-26,98876,3219337,0,0,0,1,401.78308
2022-02-27,101828,3321165,0,0,0,1,402.72607
2022-02-28,122480,3443645,0,0,0,1,403.80954
2022-03-01,114144,3557789,0,0,0,1,404.6723
2022-03-02,151852,3709641,0,0,0,1,405.81595
2022-03-03,176150,3885791,0,0,0,1,406.76898
2022-03-04,173631,4059422,0,0,0,1,407.7421
2022-03-05,173258,4232680,0,0,0,1,408.56473
2022-03-06,202180,4434860,0,0,0,1,409.4375
2022-03-07,147358,4582218,0,0,0,1,410.22
2022-03-08,194815,4777033,0,0,0,1,411.08276
2022-03-09,265163,5042196,0,0,0,1,412.17627
2022-03-10,218459,5260655,0,0,0,1,412.88855
2022-03-11,188440,5449095,0,0,0,1,413.6008
2022-03-12,454212,5903307,0,0,0,1,414.2228
2022-03-13,209501,6112808,0,0,0,1,415.17584
2022-03-14,264790,6377598,0,0,0,1,416.0988
2022-03-15,175480,6553078,0,0,0,1,416.78098
2022-03-16,267540,6820618,0,0,0,1,417.40295
2022-03-17,353965,7174583,0,0,0,1,418.16537
2022-03-18,192689,7367272,0,0,0,1,418.7372
2022-03-19,424729,7792001,0,0,0,1,419.50967
2022-03-20,166207,7958208,0,0,0,1,420.1417
2022-03-21,131713,8089921,0,0,0,1,420.8339
2022-03-22,249153,8339074,0,0,0,1,421.486
2022-03-23,140837,8479911,0,0,0,1,422.09793
2022-03-24,120000,8599911,0,0,0,1,422.8002
2022-03-25,161501,8761412,0,0,0,1,423.31183
2022-03-26,158305,8919717,0,0,0,1,423.9338
2022-03-27,91916,9011633,0,0,0,1,424.41534
2022-03-28,263376,9275009,0,0,0,1,424.937
2022-03-29,111640,9386649,0,0,0,1,425.48877
2022-03-30,85765,9472414,0,0,0,1,425.9001
2022-03-31,92355,9564769,0,0,0,1,426.29132
2022-04-01,86054,9650823,0,0,0,1,426.6224
2022-04-02,65619,9716442,0,0,0,1,426.9936
2022-04-03,102046,9818488,0,0,0,1,427.36478
2022-04-04,48717,9867205,0,0,0,1,427.7861
2022-04-05,54995,9922200,0,0,0,1,428.17737
2022-04-06,58424,9980624,0,0,0,1,428.48834
2022-04-07,90228,10070852,0,0,0,1,428.69904
2022-04-08,65097,10135949,0,0,0,1,429.05014
2022-04-09,34140,10170089,0,0,0,1,429.31097
2022-04-10,28307,10198396,0,0,0,1,429.5016
2022-04-11,51924,10250320,0,0,0,1,429.67212
2022-04-12,22804,10273124,0,0,0,1,429.95303
2022-04-13,24623,10297747,0,0,0,1,430.15366
2022-04-14,23012,10320759,0,0,0,1,430.3844
2022-04-15,73934,10394693,0,0,0,1,430.61514
2022-04-16,23354,10418047,0,0,0,1,430.71545
2022-04-17,14660,10432707,0,0,0,1,430.8158
2022-04-18,43272,10475979,0,0,0,1,430.9462
2022-04-19,13500,10489479,0,0,0,1,431.12677
2022-04-20,13271,10502750,0,0,0,1,431.197
2022-04-21,30574,10533324,0,0,0,1,431.2873
2022-04-22,11160,10544484,0,0,0,1,431.3575
2022-04-23,10365,10554849,0,0,0,1,431.4177
2022-04-24,8813,10563662,0,0,0,1,431.508
2022-04-25,8270,10571932,0,0,0,1,431.58826
2022-04-26,48431,10620363,0,0,0,1,431.66852
2022-04-27,11313,10631676,0,0,0,1,431.71866
2022-04-28,7116,10638792,0,0,0,1,431.74875
2022-04-29,6068,10644860,0,0,0,1,431.7588
2022-04-30,5109,10649969,0,0,0,1,431.78888
2022-05-01,3717,10653686,0,0,0,1,431.79892
2022-05-02,3123,10656809,0,0,0,1,431.819
2022-05-03,2709,10659518,0,0,0,1,431.819
2022-05-04,3088,10662606,0,0,0,1,431.8491
2022-05-05,4305,10666911,0,0,0,1,431.86914
2022-05-06,3819,10670730,0,0,0,1,431.92935
2022-05-07,3345,10674075,0,0,0,1,431.92935
2022-05-08,2269,10676344,0,0,0,1,431.93936
2022-05-09,2175,10678519,0,0,0,1,431.9494
2022-05-10,2855,10681374,0,0,0,1,431.95944
2022-05-11,2758,10684132,0,0,0,1,431.9795
2022-05-12,6499,10690631,0,0,0,1,432.00958
2022-05-13,2670,10693301,0,0,0,1,432.00958
2022-05-14,1895,10695196,0,0,0,1,432.02966
2022-05-15,1594,10696790,0,0,0,1,432.02966
2022-05-16,1550,10698340,0,0,0,1,432.0497
2022-05-17,1785,10700125,0,0,0,1,432.08984
2022-05-18,1831,10701956,0,0,0,1,432.09988
2022-05-19,2728,10704684,0,0,0,1,432.10992
2022-05-20,1587,10706271,0,0,0,1,432.12997
2022-05-21,1457,10707728,0,0,0,1,432.12997
2022-05-22,1319,10709047,0,0,0,1,432.12997
2022-05-23,1179,10710226,0,0,0,1,432.14
2022-05-24,1323,10711549,0,0,0,1,432.14
2022-05-25,1344,10712893,0,0,0,1,432.16006
2022-05-26,1275,10714168,0,0,0,1,432.16006
2022-05-27,1239,10715407,0,0,0,1,432.16006
2022-05-28,1114,10716521,0,0,0,1,432.16006
2022-05-29,890,10717411,0,0,0,1,432.16006
2022-05-30,1118,10718529,0,0,0,1,432.16006
2022-05-31,1010,10719539,0,0,0,1,432.1701
