date,new,cumulative,phase_1,phase_2,phase_3,phase_4
1/22/2020,0,0,1,0,0,0
1/23/2020,2,2,1,0,0,0
1/24/2020,0,2,1,0,0,0
1/25/2020,0,2,1,0,0,0
1/26/2020,0,2,1,0,0,0
1/27/2020,0,2,1,0,0,0
1/28/2020,0,2,1,0,0,0
1/29/2020,0,2,1,0,0,0
1/30/2020,0,2,1,0,0,0
1/31/2020,0,2,1,0,0,0
2/1/2020,4,6,1,0,0,0
2/2/2020,0,6,1,0,0,0
2/3/2020,2,8,1,0,0,0
2/4/2020,0,8,1,0,0,0
2/5/2020,0,8,1,0,0,0
2/6/2020,2,10,1,0,0,0
2/7/2020,0,10,1,0,0,0
2/8/2020,3,13,1,0,0,0
2/9/2020,0,13,1,0,0,0
2/10/2020,1,14,1,0,0,0
2/11/2020,1,15,1,0,0,0
2/12/2020,0,15,1,0,0,0
2/13/2020,1,16,1,0,0,0
2/14/2020,0,16,1,0,0,0
2/15/2020,0,16,1,0,0,0
2/16/2020,0,16,1,0,0,0
2/17/2020,0,16,1,0,0,0
2/18/2020,0,16,1,0,0,0
2/19/2020,0,16,1,0,0,0
2/20/2020,0,16,1,0,0,0
2/21/2020,0,16,1,0,0,0
2/22/2020,0,16,1,0,0,0
2/23/2020,0,16,1,0,0,0
2/24/2020,0,16,1,0,0,0
2/25/2020,0,16,1,0,0,0
2/26/2020,0,16,1,0,0,0
2/27/2020,0,16,1,0,0,0
2/28/2020,0,16,1,0,0,0
2/29/2020,0,16,1,0,0,0
3/1/2020,0,16,1,0,0,0
3/2/2020,0,16,1,0,0,0
3/3/2020,0,16,1,0,0,0
3/4/2020,0,16,1,0,0,0
3/5/2020,0,16,1,0,0,0
3/6/2020,0,16,1,0,0,0
3/7/2020,2,18,1,0,0,0
3/8/2020,12,30,1,0,0,0
3/9/2020,0,30,1,0,0,0
3/10/2020,1,31,1,0,0,0
3/11/2020,7,38,1,0,0,0
3/12/2020,1,39,1,0,0,0
3/13/2020,8,47,1,0,0,0
3/14/2020,6,53,1,0,0,0
3/15/2020,3,56,1,0,0,0
3/16/2020,5,61,1,0,0,0
3/17/2020,5,66,1,0,0,0
3/18/2020,9,75,1,0,0,0
3/19/2020,10,85,1,0,0,0
3/20/2020,6,91,1,0,0,0
3/21/2020,3,94,1,0,0,0
3/22/2020,19,113,1,0,0,0
3/23/2020,10,123,1,0,0,0
3/24/2020,11,134,1,0,0,0
3/25/2020,7,141,1,0,0,0
3/26/2020,12,153,1,0,0,0
3/27/2020,10,163,1,0,0,0
3/28/2020,11,174,1,0,0,0
3/29/2020,14,188,1,0,0,0
3/30/2020,15,203,1,0,0,0
3/31/2020,9,212,1,0,0,0
4/1/2020,6,218,1,0,0,0
4/2/2020,15,233,1,0,0,0
4/3/2020,4,237,1,0,0,0
4/4/2020,3,240,1,0,0,0
4/5/2020,1,241,1,0,0,0
4/6/2020,4,245,1,0,0,0
4/7/2020,4,249,1,0,0,0
4/8/2020,2,251,1,0,0,0
4/9/2020,4,255,1,0,0,0
4/10/2020,2,257,1,0,0,0
4/11/2020,1,258,1,0,0,0
4/12/2020,4,262,1,0,0,0
4/13/2020,3,265,1,0,0,0
4/14/2020,1,266,1,0,0,0
4/15/2020,1,267,1,0,0,0
4/16/2020,1,268,1,0,0,0
4/17/2020,0,268,1,0,0,0
4/18/2020,0,268,1,0,0,0
4/19/2020,0,268,1,0,0,0
4/20/2020,0,268,1,0,0,0
4/21/2020,0,268,1,0,0,0
4/22/2020,0,268,1,0,0,0
4/23/2020,0,268,1,0,0,0
4/24/2020,2,270,1,0,0,0
4/25/2020,0,270,1,0,0,0
4/26/2020,0,270,1,0,0,0
4/27/2020,0,270,1,0,0,0
4/28/2020,0,270,1,0,0,0
4/29/2020,0,270,1,0,0,0
4/30/2020,0,270,1,0,0,0
5/1/2020,0,270,1,0,0,0
5/2/2020,0,270,1,0,0,0
5/3/2020,1,271,1,0,0,0
5/4/2020,0,271,1,0,0,0
5/5/2020,0,271,1,0,0,0
5/6/2020,0,271,1,0,0,0
5/7/2020,17,288,1,0,0,0
5/8/2020,0,288,1,0,0,0
5/9/2020,0,288,1,0,0,0
5/10/2020,0,288,1,0,0,0
5/11/2020,0,288,1,0,0,0
5/12/2020,0,288,1,0,0,0
5/13/2020,0,288,1,0,0,0
5/14/2020,24,312,1,0,0,0
5/15/2020,2,314,1,0,0,0
5/16/2020,4,318,1,0,0,0
5/17/2020,2,320,1,0,0,0
5/18/2020,4,324,1,0,0,0
5/19/2020,0,324,1,0,0,0
5/20/2020,0,324,1,0,0,0
5/21/2020,0,324,1,0,0,0
5/22/2020,0,324,1,0,0,0
5/23/2020,1,325,1,0,0,0
5/24/2020,0,325,1,0,0,0
5/25/2020,1,326,1,0,0,0
5/26/2020,1,327,1,0,0,0
5/27/2020,0,327,1,0,0,0
5/28/2020,0,327,1,0,0,0
5/29/2020,1,328,1,0,0,0
5/30/2020,0,328,1,0,0,0
5/31/2020,0,328,1,0,0,0
6/1/2020,0,328,1,0,0,0
6/2/2020,0,328,1,0,0,0
6/3/2020,0,328,1,0,0,0
6/4/2020,0,328,1,0,0,0
6/5/2020,0,328,1,0,0,0
6/6/2020,1,329,1,0,0,0
6/7/2020,2,331,1,0,0,0
6/8/2020,1,332,1,0,0,0
6/9/2020,0,332,1,0,0,0
6/10/2020,0,332,1,0,0,0
6/11/2020,0,332,1,0,0,0
6/12/2020,1,333,1,0,0,0
6/13/2020,1,334,1,0,0,0
6/14/2020,0,334,1,0,0,0
6/15/2020,0,334,1,0,0,0
6/16/2020,0,334,1,0,0,0
6/17/2020,1,335,1,0,0,0
6/18/2020,7,342,1,0,0,0
6/19/2020,7,349,1,0,0,0
6/20/2020,0,349,1,0,0,0
6/21/2020,0,349,1,0,0,0
6/22/2020,0,349,1,0,0,0
6/23/2020,0,349,1,0,0,0
6/24/2020,3,352,1,0,0,0
6/25/2020,0,352,1,0,0,0
6/26/2020,1,353,1,0,0,0
6/27/2020,2,355,1,0,0,0
6/28/2020,0,355,1,0,0,0
6/29/2020,0,355,1,0,0,0
6/30/2020,0,355,1,0,0,0
7/1/2020,0,355,1,0,0,0
7/2/2020,0,355,1,0,0,0
7/3/2020,0,355,1,0,0,0
7/4/2020,0,355,1,0,0,0
7/5/2020,0,355,1,0,0,0
7/6/2020,14,369,1,0,0,0
7/7/2020,0,369,1,0,0,0
7/8/2020,0,369,1,0,0,0
7/9/2020,0,369,1,0,0,0
7/10/2020,1,370,1,0,0,0
7/11/2020,0,370,1,0,0,0
7/12/2020,2,372,1,0,0,0
7/13/2020,1,373,1,0,0,0
7/14/2020,0,373,1,0,0,0
7/15/2020,8,381,1,0,0,0
7/16/2020,0,381,1,0,0,0
7/17/2020,1,382,1,0,0,0
7/18/2020,0,382,1,0,0,0
7/19/2020,1,383,1,0,0,0
7/20/2020,1,384,1,0,0,0
7/21/2020,17,401,1,0,0,0
7/22/2020,7,408,1,0,0,0
7/23/2020,4,412,1,0,0,0
7/24/2020,3,415,1,0,0,0
7/25/2020,2,417,0,1,0,0
7/26/2020,3,420,0,1,0,0
7/27/2020,11,431,0,1,0,0
7/28/2020,15,446,0,1,0,0
7/29/2020,13,459,0,1,0,0
7/30/2020,50,509,0,1,0,0
7/31/2020,49,558,0,1,0,0
8/1/2020,32,590,0,1,0,0
8/2/2020,31,621,0,1,0,0
8/3/2020,31,652,0,1,0,0
8/4/2020,20,672,0,1,0,0
8/5/2020,45,717,0,1,0,0
8/6/2020,33,750,0,1,0,0
8/7/2020,39,789,0,1,0,0
8/8/2020,23,812,0,1,0,0
8/9/2020,29,841,0,1,0,0
8/10/2020,6,847,0,1,0,0
8/11/2020,19,866,0,1,0,0
8/12/2020,17,883,0,1,0,0
8/13/2020,28,911,0,1,0,0
8/14/2020,19,930,0,1,0,0
8/15/2020,21,951,0,1,0,0
8/16/2020,13,964,0,1,0,0
8/17/2020,19,983,0,1,0,0
8/18/2020,6,989,0,1,0,0
8/19/2020,5,994,0,1,0,0
8/20/2020,13,1007,0,1,0,0
8/21/2020,2,1009,0,1,0,0
8/22/2020,5,1014,0,1,0,0
8/23/2020,2,1016,0,1,0,0
8/24/2020,6,1022,0,1,0,0
8/25/2020,7,1029,0,1,0,0
8/26/2020,5,1034,0,1,0,0
8/27/2020,2,1036,0,1,0,0
8/28/2020,2,1038,0,1,0,0
8/29/2020,2,1040,0,1,0,0
8/30/2020,0,1040,0,1,0,0
8/31/2020,4,1044,0,1,0,0
9/1/2020,0,1044,0,1,0,0
9/2/2020,2,1046,0,1,0,0
9/3/2020,0,1046,0,1,0,0
9/4/2020,3,1049,0,1,0,0
9/5/2020,0,1049,0,1,0,0
9/6/2020,0,1049,0,1,0,0
9/7/2020,0,1049,0,1,0,0
9/8/2020,5,1054,0,1,0,0
9/9/2020,5,1059,0,1,0,0
9/10/2020,0,1059,0,1,0,0
9/11/2020,1,1060,0,1,0,0
9/12/2020,0,1060,0,1,0,0
9/13/2020,3,1063,0,1,0,0
9/14/2020,0,1063,0,1,0,0
9/15/2020,0,1063,0,1,0,0
9/16/2020,0,1063,0,1,0,0
9/17/2020,3,1066,0,1,0,0
9/18/2020,2,1068,0,1,0,0
9/19/2020,0,1068,0,1,0,0
9/20/2020,0,1068,0,1,0,0
9/21/2020,0,1068,0,1,0,0
9/22/2020,0,1068,0,1,0,0
9/23/2020,1,1069,0,1,0,0
9/24/2020,0,1069,0,1,0,0
9/25/2020,0,1069,0,1,0,0
9/26/2020,0,1069,0,1,0,0
9/27/2020,5,1074,0,1,0,0
9/28/2020,3,1077,0,1,0,0
9/29/2020,17,1094,0,1,0,0
9/30/2020,0,1094,0,1,0,0
10/1/2020,1,1095,0,1,0,0
10/2/2020,1,1096,0,1,0,0
10/3/2020,0,1096,0,1,0,0
10/4/2020,0,1096,0,1,0,0
10/5/2020,1,1097,0,1,0,0
10/6/2020,1,1098,0,1,0,0
10/7/2020,1,1099,0,1,0,0
10/8/2020,1,1100,0,1,0,0
10/9/2020,5,1105,0,1,0,0
10/10/2020,2,1107,0,1,0,0
10/11/2020,2,1109,0,1,0,0
10/12/2020,1,1110,0,1,0,0
10/13/2020,3,1113,0,1,0,0
10/14/2020,9,1122,0,1,0,0
10/15/2020,2,1124,0,1,0,0
10/16/2020,0,1124,0,1,0,0
10/17/2020,2,1126,0,1,0,0
10/18/2020,8,1134,0,1,0,0
10/19/2020,6,1140,0,1,0,0
10/20/2020,1,1141,0,1,0,0
10/21/2020,3,1144,0,1,0,0
10/22/2020,4,1148,0,1,0,0
10/23/2020,0,1148,0,1,0,0
10/24/2020,12,1160,0,1,0,0
10/25/2020,8,1168,0,1,0,0
10/26/2020,1,1169,0,1,0,0
10/27/2020,3,1172,0,1,0,0
10/28/2020,1,1173,0,1,0,0
10/29/2020,4,1177,0,1,0,0
10/30/2020,0,1177,0,1,0,0
10/31/2020,3,1180,0,1,0,0
11/1/2020,0,1180,0,1,0,0
11/2/2020,12,1192,0,1,0,0
11/3/2020,10,1202,0,1,0,0
11/4/2020,1,1203,0,1,0,0
11/5/2020,4,1207,0,1,0,0
11/6/2020,5,1212,0,1,0,0
11/7/2020,1,1213,0,1,0,0
11/8/2020,2,1215,0,1,0,0
11/9/2020,2,1217,0,1,0,0
11/10/2020,11,1228,0,1,0,0
11/11/2020,24,1252,0,1,0,0
11/12/2020,1,1253,0,1,0,0
11/13/2020,3,1256,0,1,0,0
11/14/2020,9,1265,0,1,0,0
11/15/2020,16,1281,0,1,0,0
11/16/2020,2,1283,0,1,0,0
11/17/2020,5,1288,0,1,0,0
11/18/2020,12,1300,0,1,0,0
11/19/2020,4,1304,0,1,0,0
11/20/2020,1,1305,0,1,0,0
11/21/2020,1,1306,0,1,0,0
11/22/2020,1,1307,0,1,0,0
11/23/2020,5,1312,0,1,0,0
11/24/2020,4,1316,0,1,0,0
11/25/2020,5,1321,0,1,0,0
11/26/2020,10,1331,0,1,0,0
11/27/2020,8,1339,0,1,0,0
11/28/2020,2,1341,0,1,0,0
11/29/2020,2,1343,0,1,0,0
11/30/2020,4,1347,0,1,0,0
12/1/2020,4,1351,0,1,0,0
12/2/2020,7,1358,0,1,0,0
12/3/2020,3,1361,0,1,0,0
12/4/2020,0,1361,0,1,0,0
12/5/2020,4,1365,0,1,0,0
12/6/2020,1,1366,0,1,0,0
12/7/2020,1,1367,0,1,0,0
12/8/2020,10,1377,0,1,0,0
12/9/2020,4,1381,0,1,0,0
12/10/2020,4,1385,0,1,0,0
12/11/2020,6,1391,0,1,0,0
12/12/2020,4,1395,0,1,0,0
12/13/2020,2,1397,0,1,0,0
12/14/2020,5,1402,0,1,0,0
12/15/2020,3,1405,0,1,0,0
12/16/2020,0,1405,0,1,0,0
12/17/2020,2,1407,0,1,0,0
12/18/2020,3,1410,0,1,0,0
12/19/2020,1,1411,0,1,0,0
12/20/2020,2,1413,0,1,0,0
12/21/2020,1,1414,0,1,0,0
12/22/2020,6,1420,0,1,0,0
12/23/2020,1,1421,0,1,0,0
12/24/2020,11,1432,0,1,0,0
12/25/2020,7,1439,0,1,0,0
12/26/2020,1,1440,0,1,0,0
12/27/2020,1,1441,0,1,0,0
12/28/2020,10,1451,0,1,0,0
12/29/2020,3,1454,0,1,0,0
12/30/2020,2,1456,0,1,0,0
12/31/2020,9,1465,0,1,0,0
1/1/2021,9,1474,0,1,0,0
1/2/2021,8,1482,0,1,0,0
1/3/2021,12,1494,0,1,0,0
1/4/2021,3,1497,0,1,0,0
1/5/2021,7,1504,0,1,0,0
1/6/2021,1,1505,0,1,0,0
1/7/2021,4,1509,0,1,0,0
1/8/2021,3,1512,0,1,0,0
1/9/2021,1,1513,0,1,0,0
1/10/2021,1,1514,0,1,0,0
1/11/2021,1,1515,0,1,0,0
1/12/2021,5,1520,0,1,0,0
1/13/2021,1,1521,0,1,0,0
1/14/2021,10,1531,0,1,0,0
1/15/2021,5,1536,0,1,0,0
1/16/2021,1,1537,0,1,0,0
1/17/2021,0,1537,0,1,0,0
1/18/2021,2,1539,0,1,0,0
1/19/2021,1,1540,0,1,0,0
1/20/2021,4,1544,0,1,0,0
1/21/2021,2,1546,0,1,0,0
1/22/2021,2,1548,0,1,0,0
1/23/2021,0,1548,0,1,0,0
1/24/2021,0,1548,0,1,0,0
1/25/2021,1,1549,0,1,0,0
1/26/2021,2,1551,0,1,0,0
1/27/2021,2,1553,0,1,0,0
1/28/2021,98,1651,0,0,1,0
1/29/2021,6,1657,0,0,1,0
1/30/2021,110,1767,0,0,1,0
1/31/2021,50,1817,0,0,1,0
2/1/2021,33,1850,0,0,1,0
2/2/2021,32,1882,0,0,1,0
2/3/2021,66,1948,0,0,1,0
2/4/2021,9,1957,0,0,1,0
2/5/2021,19,1976,0,0,1,0
2/6/2021,9,1985,0,0,1,0
2/7/2021,16,2001,0,0,1,0
2/8/2021,49,2050,0,0,1,0
2/9/2021,14,2064,0,0,1,0
2/10/2021,27,2091,0,0,1,0
2/11/2021,49,2140,0,0,1,0
2/12/2021,2,2142,0,0,1,0
2/13/2021,53,2195,0,0,1,0
2/14/2021,33,2228,0,0,1,0
2/15/2021,41,2269,0,0,1,0
2/16/2021,42,2311,0,0,1,0
2/17/2021,18,2329,0,0,1,0
2/18/2021,18,2347,0,0,1,0
2/19/2021,15,2362,0,0,1,0
2/20/2021,6,2368,0,0,1,0
2/21/2021,15,2383,0,0,1,0
2/22/2021,9,2392,0,0,1,0
2/23/2021,11,2403,0,0,1,0
2/24/2021,9,2412,0,0,1,0
2/25/2021,9,2421,0,0,1,0
2/26/2021,5,2426,0,0,1,0
2/27/2021,6,2432,0,0,1,0
2/28/2021,16,2448,0,0,1,0
3/1/2021,0,2448,0,0,1,0
3/2/2021,27,2475,0,0,1,0
3/3/2021,7,2482,0,0,1,0
3/4/2021,6,2488,0,0,1,0
3/5/2021,6,2494,0,0,1,0
3/6/2021,7,2501,0,0,1,0
3/7/2021,11,2512,0,0,1,0
3/8/2021,12,2524,0,0,1,0
3/9/2021,2,2526,0,0,1,0
3/10/2021,3,2529,0,0,1,0
3/11/2021,4,2533,0,0,1,0
3/12/2021,17,2550,0,0,1,0
3/13/2021,3,2553,0,0,1,0
3/14/2021,1,2554,0,0,1,0
3/15/2021,3,2557,0,0,1,0
3/16/2021,3,2560,0,0,1,0
3/17/2021,7,2567,0,0,1,0
3/18/2021,3,2570,0,0,1,0
3/19/2021,1,2571,0,0,1,0
3/20/2021,1,2572,0,0,1,0
3/21/2021,0,2572,0,0,1,0
3/22/2021,3,2575,0,0,1,0
3/23/2021,1,2576,0,0,1,0
3/24/2021,3,2579,0,0,1,0
3/25/2021,7,2586,0,0,1,0
3/26/2021,0,2586,0,0,1,0
3/27/2021,5,2591,0,0,1,0
3/28/2021,3,2594,0,0,1,0
3/29/2021,0,2594,0,0,1,0
3/30/2021,0,2594,0,0,1,0
3/31/2021,9,2603,0,0,1,0
4/1/2021,14,2617,0,0,1,0
4/2/2021,3,2620,0,0,1,0
4/3/2021,6,2626,0,0,1,0
4/4/2021,5,2631,0,0,1,0
4/5/2021,6,2637,0,0,1,0
4/6/2021,11,2648,0,0,1,0
4/7/2021,11,2659,0,0,1,0
4/8/2021,9,2668,0,0,1,0
4/9/2021,15,2683,0,0,1,0
4/10/2021,9,2692,0,0,1,0
4/11/2021,1,2693,0,0,1,0
4/12/2021,12,2705,0,0,1,0
4/13/2021,9,2714,0,0,1,0
4/14/2021,19,2733,0,0,1,0
4/15/2021,25,2758,0,0,1,0
4/16/2021,14,2772,0,0,1,0
4/17/2021,9,2781,0,0,1,0
4/18/2021,4,2785,0,0,1,0
4/19/2021,6,2791,0,0,1,0
4/20/2021,9,2800,0,0,1,0
4/21/2021,12,2812,0,0,1,0
4/22/2021,12,2824,0,0,1,0
4/23/2021,6,2830,0,0,1,0
4/24/2021,3,2833,0,0,1,0
4/25/2021,10,2843,0,0,1,0
4/26/2021,9,2852,0,0,1,0
4/27/2021,5,2857,0,0,0,1
4/28/2021,8,2865,0,0,0,1
4/29/2021,45,2910,0,0,0,1
4/30/2021,18,2928,0,0,0,1
5/1/2021,14,2942,0,0,0,1
5/2/2021,20,2962,0,0,0,1
5/3/2021,23,2985,0,0,0,1
5/4/2021,10,2995,0,0,0,1
5/5/2021,35,3030,0,0,0,1
5/6/2021,60,3090,0,0,0,1
5/7/2021,47,3137,0,0,0,1
5/8/2021,108,3245,0,0,0,1
5/9/2021,167,3412,0,0,0,1
5/10/2021,77,3489,0,0,0,1
5/11/2021,82,3571,0,0,0,1
5/12/2021,87,3658,0,0,0,1
5/13/2021,82,3740,0,0,0,1
5/14/2021,76,3816,0,0,0,1
5/15/2021,296,4112,0,0,0,1
5/16/2021,100,4212,0,0,0,1
5/17/2021,147,4359,0,0,0,1
5/18/2021,153,4512,0,0,0,1
5/19/2021,208,4720,0,0,0,1
5/20/2021,89,4809,0,0,0,1
5/21/2021,132,4941,0,0,0,1
5/22/2021,178,5119,0,0,0,1
5/23/2021,156,5275,0,0,0,1
5/24/2021,129,5404,0,0,0,1
5/25/2021,527,5931,0,0,0,1
5/26/2021,155,6086,0,0,0,1
5/27/2021,270,6356,0,0,0,1
5/28/2021,40,6396,0,0,0,1
5/29/2021,512,6908,0,0,0,1
5/30/2021,199,7107,0,0,0,1
5/31/2021,325,7432,0,0,0,1
6/1/2021,193,7625,0,0,0,1
6/2/2021,245,7870,0,0,0,1
6/3/2021,193,8063,0,0,0,1
6/4/2021,301,8364,0,0,0,1
6/5/2021,216,8580,0,0,0,1
6/6/2021,211,8791,0,0,0,1
6/7/2021,236,9027,0,0,0,1
6/8/2021,195,9222,0,0,0,1
6/9/2021,413,9635,0,0,0,1
6/10/2021,200,9835,0,0,0,1
6/11/2021,213,10048,0,0,0,1
6/12/2021,289,10337,0,0,0,1
6/13/2021,293,10630,0,0,0,1
6/14/2021,251,10881,0,0,0,1
6/15/2021,423,11304,0,0,0,1
6/16/2021,490,11794,0,0,0,1
6/17/2021,356,12150,0,0,0,1
6/18/2021,358,12508,0,0,0,1
6/19/2021,470,12978,0,0,0,1
6/20/2021,280,13258,0,0,0,1
6/21/2021,272,13530,0,0,0,1
6/22/2021,252,13782,0,0,0,1
6/23/2021,207,13989,0,0,0,1
6/24/2021,334,14323,0,0,0,1
6/25/2021,214,14537,0,0,0,1
6/26/2021,788,15325,0,0,0,1
6/27/2021,415,15740,0,0,0,1
6/28/2021,396,16136,0,0,0,1
6/29/2021,371,16507,0,0,0,1
6/30/2021,545,17052,0,0,0,1
7/1/2021,675,17727,0,0,0,1
7/2/2021,394,18121,0,0,0,1
7/3/2021,1189,19310,0,0,0,1
7/4/2021,951,20261,0,0,0,1
7/5/2021,1051,21312,0,0,0,1
7/6/2021,1029,22341,0,0,0,1
7/7/2021,1044,23385,0,0,0,1
7/8/2021,1425,24810,0,0,0,1
7/9/2021,1798,26608,0,0,0,1
7/10/2021,1862,28470,0,0,0,1
7/11/2021,2008,30478,0,0,0,1
7/12/2021,2187,32665,0,0,0,1
7/13/2021,2744,35409,0,0,0,1
7/14/2021,2830,38239,0,0,0,1
7/15/2021,4049,42288,0,0,0,1
7/16/2021,4004,46292,0,0,0,1
7/17/2021,4710,51002,0,0,0,1
7/18/2021,4843,55845,0,0,0,1
7/19/2021,4335,60180,0,0,0,1
7/20/2021,5427,65607,0,0,0,1
7/21/2021,5537,71144,0,0,0,1
7/22/2021,7125,78269,0,0,0,1
7/23/2021,8688,86957,0,0,0,1
7/24/2021,7956,94913,0,0,0,1
7/25/2021,6260,101173,0,0,0,1
7/26/2021,5174,106347,0,0,0,1
7/27/2021,10774,117121,0,0,0,1
7/28/2021,6519,123640,0,0,0,1
7/29/2021,9765,133405,0,0,0,1
7/30/2021,7717,141122,0,0,0,1
7/31/2021,8938,150060,0,0,0,1
8/1/2021,7447,157507,0,0,0,1
8/2/2021,0,157507,0,0,0,1
8/3/2021,16954,174461,0,0,0,1
8/4/2021,7295,181756,0,0,0,1
8/5/2021,7310,189066,0,0,0,1
8/6/2021,4315,193381,0,0,0,1
8/7/2021,12275,205656,0,0,0,1
8/8/2021,9904,215560,0,0,0,1
8/9/2021,9334,224894,0,0,0,1
8/10/2021,8043,232937,0,0,0,1
8/11/2021,8606,241543,0,0,0,1
8/12/2021,5025,246568,0,0,0,1
8/13/2021,9180,255748,0,0,0,1
8/14/2021,9716,265464,0,0,0,1
8/15/2021,9580,275044,0,0,0,1
8/16/2021,8652,283696,0,0,0,1
8/17/2021,9605,293301,0,0,0,1
8/18/2021,8800,302101,0,0,0,1
8/19/2021,10510,312611,0,0,0,1
8/20/2021,10657,323268,0,0,0,1
8/21/2021,13439,336707,0,0,0,1
8/22/2021,11352,348059,0,0,0,1
8/23/2021,10397,358456,0,0,0,1
8/24/2021,10811,369267,0,0,0,1
8/25/2021,12096,381363,0,0,0,1
8/26/2021,11575,392938,0,0,0,1
8/27/2021,17428,410366,0,0,0,1
8/28/2021,12103,422469,0,0,0,1
8/29/2021,12796,435265,0,0,0,1
8/30/2021,14224,449489,0,0,0,1
8/31/2021,12607,462096,0,0,0,1
9/1/2021,11434,473530,0,0,0,1
9/2/2021,13197,486727,0,0,0,1
9/3/2021,14922,501649,0,0,0,1
9/4/2021,9521,511170,0,0,0,1
9/5/2021,13137,524307,0,0,0,1
9/6/2021,12481,536788,0,0,0,1
9/7/2021,14208,550996,0,0,0,1
9/8/2021,12680,563676,0,0,0,1
9/9/2021,12420,576096,0,0,0,1
9/10/2021,13321,589417,0,0,0,1
9/11/2021,11932,601349,0,0,0,1
9/12/2021,12026,613375,0,0,0,1
9/13/2021,11172,624547,0,0,0,1
9/14/2021,10508,635055,0,0,0,1
9/15/2021,10585,645640,0,0,0,1
9/16/2021,10489,656129,0,0,0,1
9/17/2021,11521,667650,0,0,0,1
9/18/2021,9373,677023,0,0,0,1
9/19/2021,10040,687063,0,0,0,1
9/20/2021,8681,695744,0,0,0,1
9/21/2021,11692,707436,0,0,0,1
9/22/2021,11527,718963,0,0,0,1
9/23/2021,9472,728435,0,0,0,1
9/24/2021,8537,736972,0,0,0,1
9/25/2021,9706,746678,0,0,0,1
9/26/2021,10011,756689,0,0,0,1
9/27/2021,9362,766051,0,0,0,1
9/28/2021,4589,770640,0,0,0,1
9/29/2021,8758,779398,0,0,0,1
9/30/2021,11357,790755,0,0,0,1
10/1/2021,6957,797712,0,0,0,1
10/2/2021,5490,803202,0,0,0,1
10/3/2021,5376,808578,0,0,0,1
10/4/2021,5383,813961,0,0,0,1
10/5/2021,4363,818324,0,0,0,1
10/6/2021,4363,822687,0,0,0,1
10/7/2021,4150,826837,0,0,0,1
10/8/2021,4806,831643,0,0,0,1
10/9/2021,4491,836134,0,0,0,1
10/10/2021,3528,839662,0,0,0,1
10/11/2021,3619,843281,0,0,0,1
10/12/2021,2949,846230,0,0,0,1
10/13/2021,3461,849691,0,0,0,1
10/14/2021,4151,853842,0,0,0,1
10/15/2021,3797,857639,0,0,0,1
10/16/2021,3221,860860,0,0,0,1
10/17/2021,3193,864053,0,0,0,1
10/18/2021,3168,867221,0,0,0,1
10/19/2021,3034,870255,0,0,0,1
10/20/2021,3646,873901,0,0,0,1
10/21/2021,3636,877537,0,0,0,1
10/22/2021,3985,881522,0,0,0,1
10/23/2021,3373,884895,0,0,0,1
10/24/2021,4045,888940,0,0,0,1
10/25/2021,3639,892579,0,0,0,1
10/26/2021,3595,896174,0,0,0,1
10/27/2021,4411,900585,0,0,0,1
10/28/2021,4892,905477,0,0,0,1
10/29/2021,4899,910376,0,0,0,1
10/30/2021,5227,915603,0,0,0,1
10/31/2021,5519,921122,0,0,0,1
11/1/2021,5598,926720,0,0,0,1
11/2/2021,5637,932357,0,0,0,1
11/3/2021,7106,939463,0,0,0,1
11/4/2021,6580,946043,0,0,0,1
11/5/2021,7504,953547,0,0,0,1
11/6/2021,7491,961038,0,0,0,1
11/7/2021,7646,968684,0,0,0,1
11/8/2021,7988,976672,0,0,0,1
11/9/2021,8133,984805,0,0,0,1
11/10/2021,7930,992735,0,0,0,1
11/11/2021,8162,1000897,0,0,0,1
11/12/2021,8982,1009879,0,0,0,1
11/13/2021,8467,1018346,0,0,0,1
11/14/2021,8176,1026522,0,0,0,1
11/15/2021,8616,1035138,0,0,0,1
11/16/2021,10259,1045397,0,0,0,1
11/17/2021,9849,1055246,0,0,0,1
11/18/2021,10223,1065469,0,0,0,1
11/19/2021,9625,1075094,0,0,0,1
11/20/2021,19420,1094514,0,0,0,1
11/21/2021,9889,1104403,0,0,0,1
11/22/2021,432,1104835,0,0,0,1
11/23/2021,39132,1143967,0,0,0,1
11/24/2021,11811,1155778,0,0,0,1
11/25/2021,12450,1168228,0,0,0,1
11/26/2021,13109,1181337,0,0,0,1
11/27/2021,16067,1197404,0,0,0,1
11/28/2021,12936,1210340,0,0,0,1
11/29/2021,13770,1224110,0,0,0,1
11/30/2021,13972,1238082,0,0,0,1
12/1/2021,14508,1252590,0,0,0,1
12/2/2021,13698,1266288,0,0,0,1
12/3/2021,14492,1280780,0,0,0,1
12/4/2021,13998,1294778,0,0,0,1
12/5/2021,14314,1309092,0,0,0,1
12/6/2021,14591,1323683,0,0,0,1
12/7/2021,13840,1337523,0,0,0,1
12/8/2021,14599,1352122,0,0,0,1
12/9/2021,15311,1367433,0,0,0,1
12/10/2021,14839,1382272,0,0,0,1
12/11/2021,16141,1398413,0,0,0,1
12/12/2021,14638,1413051,0,0,0,1
12/13/2021,15377,1428428,0,0,0,1
12/14/2021,15220,1443648,0,0,0,1
12/15/2021,15527,1459175,0,0,0,1
12/16/2021,34062,1493237,0,0,0,1
12/17/2021,15236,1508473,0,0,0,1
12/18/2021,15895,1524368,0,0,0,1
12/19/2021,16110,1540478,0,0,0,1
12/20/2021,14977,1555455,0,0,0,1
12/21/2021,16325,1571780,0,0,0,1
12/22/2021,16555,1588335,0,0,0,1
12/23/2021,16377,1604712,0,0,0,1
12/24/2021,16157,1620869,0,0,0,1
12/25/2021,15586,1636455,0,0,0,1
12/26/2021,15218,1651673,0,0,0,1
12/27/2021,14872,1666545,0,0,0,1
12/28/2021,14440,1680985,0,0,0,1
12/29/2021,13889,1694874,0,0,0,1
12/30/2021,19868,1714742,0,0,0,1
12/31/2021,16515,1731257,0,0,0,1
1/1/2022,14835,1746092,0,0,0,1
1/2/2022,16948,1763040,0,0,0,1
1/3/2022,15936,1778976,0,0,0,1
1/4/2022,21728,1800704,0,0,0,1
1/5/2022,17017,1817721,0,0,0,1
1/6/2022,25842,1843563,0,0,0,1
1/7/2022,16278,1859841,0,0,0,1
1/8/2022,16553,1876394,0,0,0,1
1/9/2022,23181,1899575,0,0,0,1
1/10/2022,14818,1914393,0,0,0,1
1/11/2022,16035,1930428,0,0,0,1
1/12/2022,28291,1958719,0,0,0,1
1/13/2022,16725,1975444,0,0,0,1
1/14/2022,16040,1991484,0,0,0,1
1/15/2022,16378,2007862,0,0,0,1
1/16/2022,15864,2023726,0,0,0,1
1/17/2022,0,2023726,0,0,0,1
1/18/2022,38582,2062308,0,0,0,1
1/19/2022,15959,2078267,0,0,0,1
1/20/2022,16715,2094982,0,0,0,1
1/21/2022,15935,2110917,0,0,0,1
1/22/2022,15707,2126624,0,0,0,1
1/23/2022,14978,2141602,0,0,0,1
1/24/2022,14362,2155964,0,0,0,1
1/25/2022,15743,2171707,0,0,0,1
1/26/2022,15954,2187661,0,0,0,1
1/27/2022,15727,2203388,0,0,0,1
1/28/2022,14929,2218317,0,0,0,1
1/29/2022,15150,2233467,0,0,0,1
1/30/2022,29766,2263233,0,0,0,1
1/31/2022,12674,2275907,0,0,0,1
2/1/2022,11023,2286930,0,0,0,1
2/2/2022,8744,2295674,0,0,0,1
2/3/2022,8601,2304275,0,0,0,1
2/4/2022,11594,2315869,0,0,0,1
2/5/2022,12170,2328039,0,0,0,1
2/6/2022,14112,2342151,0,0,0,1
2/7/2022,16815,2358966,0,0,0,1
2/8/2022,21909,2380875,0,0,0,1
2/9/2022,23956,2404831,0,0,0,1
2/10/2022,26032,2430863,0,0,0,1
2/11/2022,26487,2457350,0,0,0,1
2/12/2022,27311,2484661,0,0,0,1
2/13/2022,26379,2511040,0,0,0,1
2/14/2022,29413,2540453,0,0,0,1
2/15/2022,31814,2572267,0,0,0,1
2/16/2022,34717,2606984,0,0,0,1
2/17/2022,36200,2643184,0,0,0,1
2/18/2022,42439,2685623,0,0,0,1
2/19/2022,54830,2740453,0,0,0,1
2/20/2022,47200,2787653,0,0,0,1
2/21/2022,46880,2834533,0,0,0,1
2/22/2022,56149,2890682,0,0,0,1
2/23/2022,81856,2972538,0,0,0,1
2/24/2022,69128,3041666,0,0,0,1
2/25/2022,78795,3120461,0,0,0,1
2/26/2022,98876,3219337,0,0,0,1
2/27/2022,101828,3321165,0,0,0,1
2/28/2022,122480,3443645,0,0,0,1
3/1/2022,114144,3557789,0,0,0,1
3/2/2022,151852,3709641,0,0,0,1
3/3/2022,176150,3885791,0,0,0,1
3/4/2022,173631,4059422,0,0,0,1
3/5/2022,173258,4232680,0,0,0,1
3/6/2022,202180,4434860,0,0,0,1
3/7/2022,147358,4582218,0,0,0,1
3/8/2022,194815,4777033,0,0,0,1
3/9/2022,265163,5042196,0,0,0,1
3/10/2022,218459,5260655,0,0,0,1
3/11/2022,188440,5449095,0,0,0,1
3/12/2022,454212,5903307,0,0,0,1
3/13/2022,209501,6112808,0,0,0,1
3/14/2022,264790,6377598,0,0,0,1
3/15/2022,175480,6553078,0,0,0,1
3/16/2022,267540,6820618,0,0,0,1
3/17/2022,353965,7174583,0,0,0,1
3/18/2022,192689,7367272,0,0,0,1
3/19/2022,424729,7792001,0,0,0,1
3/20/2022,166207,7958208,0,0,0,1
3/21/2022,131713,8089921,0,0,0,1
3/22/2022,249153,8339074,0,0,0,1
3/23/2022,140837,8479911,0,0,0,1
3/24/2022,120000,8599911,0,0,0,1
3/25/2022,161501,8761412,0,0,0,1
3/26/2022,158305,8919717,0,0,0,1
3/27/2022,91916,9011633,0,0,0,1
3/28/2022,263376,9275009,0,0,0,1
3/29/2022,111640,9386649,0,0,0,1
3/30/2022,85765,9472414,0,0,0,1
3/31/2022,92355,9564769,0,0,0,1
4/1/2022,86054,9650823,0,0,0,1
4/2/2022,65619,9716442,0,0,0,1
4/3/2022,102046,9818488,0,0,0,1
4/4/2022,48717,9867205,0,0,0,1
4/5/2022,54995,9922200,0,0,0,1
4/6/2022,58424,9980624,0,0,0,1
4/7/2022,90228,10070852,0,0,0,1
4/8/2022,65097,10135949,0,0,0,1
4/9/2022,34140,10170089,0,0,0,1
4/10/2022,28307,10198396,0,0,0,1
4/11/2022,51924,10250320,0,0,0,1
4/12/2022,22804,10273124,0,0,0,1
4/13/2022,24623,10297747,0,0,0,1
4/14/2022,23012,10320759,0,0,0,1
4/15/2022,73934,10394693,0,0,0,1
4/16/2022,23354,10418047,0,0,0,1
4/17/2022,14660,10432707,0,0,0,1
4/18/2022,43272,10475979,0,0,0,1
4/19/2022,13500,10489479,0,0,0,1
4/20/2022,13271,10502750,0,0,0,1
4/21/2022,30574,10533324,0,0,0,1
4/22/2022,11160,10544484,0,0,0,1
4/23/2022,10365,10554849,0,0,0,1
4/24/2022,8813,10563662,0,0,0,1
4/25/2022,8270,10571932,0,0,0,1
4/26/2022,48431,10620363,0,0,0,1
4/27/2022,11313,10631676,0,0,0,1
4/28/2022,7116,10638792,0,0,0,1
4/29/2022,6068,10644860,0,0,0,1
4/30/2022,5109,10649969,0,0,0,1
5/1/2022,3717,10653686,0,0,0,1
5/2/2022,3123,10656809,0,0,0,1
5/3/2022,2709,10659518,0,0,0,1
5/4/2022,3088,10662606,0,0,0,1
5/5/2022,4305,10666911,0,0,0,1
5/6/2022,3819,10670730,0,0,0,1
5/7/2022,3345,10674075,0,0,0,1
5/8/2022,2269,10676344,0,0,0,1
5/9/2022,2175,10678519,0,0,0,1
5/10/2022,2855,10681374,0,0,0,1
5/11/2022,2758,10684132,0,0,0,1
5/12/2022,6499,10690631,0,0,0,1
5/13/2022,2670,10693301,0,0,0,1
5/14/2022,1895,10695196,0,0,0,1
5/15/2022,1594,10696790,0,0,0,1
5/16/2022,1550,10698340,0,0,0,1
5/17/2022,1785,10700125,0,0,0,1
5/18/2022,1831,10701956,0,0,0,1
5/19/2022,2728,10704684,0,0,0,1
5/20/2022,1587,10706271,0,0,0,1
5/21/2022,1457,10707728,0,0,0,1
5/22/2022,1319,10709047,0,0,0,1
5/23/2022,1179,10710226,0,0,0,1
5/24/2022,1323,10711549,0,0,0,1
5/25/2022,1344,10712893,0,0,0,1
5/26/2022,1275,10714168,0,0,0,1
5/27/2022,1239,10715407,0,0,0,1
5/28/2022,1114,10716521,0,0,0,1
5/29/2022,890,10717411,0,0,0,1
5/30/2022,1118,10718529,0,0,0,1
5/31/2022,1010,10719539,0,0,0,1
