date,deaths
1/4/2020,0
1/5/2020,0
1/6/2020,0
1/7/2020,0
1/8/2020,0
1/9/2020,0
1/10/2020,0
1/11/2020,0
1/12/2020,0
1/13/2020,0
1/14/2020,0
1/15/2020,0
1/16/2020,0
1/17/2020,0
1/18/2020,0
1/19/2020,0
1/20/2020,0
1/21/2020,0
1/22/2020,0
1/23/2020,0
1/24/2020,0
1/25/2020,0
1/26/2020,0
1/27/2020,0
1/28/2020,0
1/29/2020,0
1/30/2020,0
1/31/2020,0
2/1/2020,0
2/2/2020,0
2/3/2020,0
2/4/2020,0
2/5/2020,0
2/6/2020,0
2/7/2020,0
2/8/2020,0
2/9/2020,0
2/10/2020,0
2/11/2020,0
2/12/2020,0
2/13/2020,0
2/14/2020,0
2/15/2020,0
2/16/2020,0
2/17/2020,0
2/18/2020,0
2/19/2020,0
2/20/2020,0
2/21/2020,0
2/22/2020,0
2/23/2020,0
2/24/2020,0
2/25/2020,0
2/26/2020,0
2/27/2020,0
2/28/2020,0
2/29/2020,0
3/1/2020,0
3/2/2020,0
3/3/2020,0
3/4/2020,0
3/5/2020,0
3/6/2020,0
3/7/2020,0
3/8/2020,0
3/9/2020,0
3/10/2020,0
3/11/2020,0
3/12/2020,0
3/13/2020,0
3/14/2020,0
3/15/2020,0
3/16/2020,0
3/17/2020,0
3/18/2020,0
3/19/2020,0
3/20/2020,0
3/21/2020,0
3/22/2020,0
3/23/2020,0
3/24/2020,0
3/25/2020,0
3/26/2020,0
3/27/2020,0
3/28/2020,0
3/29/2020,0
3/30/2020,0
3/31/2020,0
4/1/2020,0
4/2/2020,0
4/3/2020,0
4/4/2020,0
4/5/2020,0
4/6/2020,0
4/7/2020,0
4/8/2020,0
4/9/2020,0
4/10/2020,0
4/11/2020,0
4/12/2020,0
4/13/2020,0
4/14/2020,0
4/15/2020,0
4/16/2020,0
4/17/2020,0
4/18/2020,0
4/19/2020,0
4/20/2020,0
4/21/2020,0
4/22/2020,0
4/23/2020,0
4/24/2020,0
4/25/2020,0
4/26/2020,0
4/27/2020,0
4/28/2020,0
4/29/2020,0
4/30/2020,0
5/1/2020,0
5/2/2020,0
5/3/2020,0
5/4/2020,0
5/5/2020,0
5/6/2020,0
5/7/2020,0
5/8/2020,0
5/9/2020,0
5/10/2020,0
5/11/2020,0
5/12/2020,0
5/13/2020,0
5/14/2020,0
5/15/2020,0
5/16/2020,0
5/17/2020,0
5/18/2020,0
5/19/2020,0
5/20/2020,0
5/21/2020,0
5/22/2020,0
5/23/2020,0
5/24/2020,0
5/25/2020,0
5/26/2020,0
5/27/2020,0
5/28/2020,0
5/29/2020,0
5/30/2020,0
5/31/2020,0
6/1/2020,0
6/2/2020,0
6/3/2020,0
6/4/2020,0
6/5/2020,0
6/6/2020,0
6/7/2020,0
6/8/2020,0
6/9/2020,0
6/10/2020,0
6/11/2020,0
6/12/2020,0
6/13/2020,0
6/14/2020,0
6/15/2020,0
6/16/2020,0
6/17/2020,0
6/18/2020,0
6/19/2020,0
6/20/2020,0
6/21/2020,0
6/22/2020,0
6/23/2020,0
6/24/2020,0
6/25/2020,0
6/26/2020,0
6/27/2020,0
6/28/2020,0
6/29/2020,0
6/30/2020,0
7/1/2020,0
7/2/2020,0
7/3/2020,0
7/4/2020,0
7/5/2020,0
7/6/2020,0
7/7/2020,0
7/8/2020,0
7/9/2020,0
7/10/2020,0
7/11/2020,0
7/12/2020,0
7/13/2020,0
7/14/2020,0
7/15/2020,0
7/16/2020,0
7/17/2020,0
7/18/2020,0
7/19/2020,0
7/20/2020,0
7/21/2020,0
7/22/2020,0
7/23/2020,0
7/24/2020,0
7/25/2020,0
7/26/2020,0
7/27/2020,0
7/28/2020,0
7/29/2020,0
7/30/2020,0
7/31/2020,0
8/1/2020,0.020064073
8/2/2020,0.03009611
8/3/2020,0.06019222
8/4/2020,0.08025629
8/5/2020,0.08025629
8/6/2020,0.08025629
8/7/2020,0.10032037
8/8/2020,0.10032037
8/9/2020,0.10032037
8/10/2020,0.110352404
8/11/2020,0.15048055
8/12/2020,0.17054462
8/13/2020,0.18057667
8/14/2020,0.21067277
8/15/2020,0.22070481
8/16/2020,0.23073685
8/17/2020,0.24076888
8/18/2020,0.2508009
8/19/2020,0.2508009
8/20/2020,0.2508009
8/21/2020,0.2508009
8/22/2020,0.2508009
8/23/2020,0.26083297
8/24/2020,0.270865
8/25/2020,0.270865
8/26/2020,0.270865
8/27/2020,0.29092908
8/28/2020,0.3009611
8/29/2020,0.3009611
8/30/2020,0.32102516
8/31/2020,0.32102516
9/1/2020,0.34108925
9/2/2020,0.34108925
9/3/2020,0.34108925
9/4/2020,0.35112128
9/5/2020,0.35112128
9/6/2020,0.35112128
9/7/2020,0.35112128
9/8/2020,0.35112128
9/9/2020,0.35112128
9/10/2020,0.35112128
9/11/2020,0.35112128
9/12/2020,0.35112128
9/13/2020,0.35112128
9/14/2020,0.35112128
9/15/2020,0.35112128
9/16/2020,0.35112128
9/17/2020,0.35112128
9/18/2020,0.35112128
9/19/2020,0.35112128
9/20/2020,0.35112128
9/21/2020,0.35112128
9/22/2020,0.35112128
9/23/2020,0.35112128
9/24/2020,0.35112128
9/25/2020,0.35112128
9/26/2020,0.35112128
9/27/2020,0.35112128
9/28/2020,0.35112128
9/29/2020,0.35112128
9/30/2020,0.35112128
10/1/2020,0.35112128
10/2/2020,0.35112128
10/3/2020,0.35112128
10/4/2020,0.35112128
10/5/2020,0.35112128
10/6/2020,0.35112128
10/7/2020,0.35112128
10/8/2020,0.35112128
10/9/2020,0.35112128
10/10/2020,0.35112128
10/11/2020,0.35112128
10/12/2020,0.35112128
10/13/2020,0.35112128
10/14/2020,0.35112128
10/15/2020,0.35112128
10/16/2020,0.35112128
10/17/2020,0.35112128
10/18/2020,0.35112128
10/19/2020,0.35112128
10/20/2020,0.35112128
10/21/2020,0.35112128
10/22/2020,0.35112128
10/23/2020,0.35112128
10/24/2020,0.35112128
10/25/2020,0.35112128
10/26/2020,0.35112128
10/27/2020,0.35112128
10/28/2020,0.35112128
10/29/2020,0.35112128
10/30/2020,0.35112128
10/31/2020,0.35112128
11/1/2020,0.35112128
11/2/2020,0.35112128
11/3/2020,0.35112128
11/4/2020,0.35112128
11/5/2020,0.35112128
11/6/2020,0.35112128
11/7/2020,0.35112128
11/8/2020,0.35112128
11/9/2020,0.35112128
11/10/2020,0.35112128
11/11/2020,0.35112128
11/12/2020,0.35112128
11/13/2020,0.35112128
11/14/2020,0.35112128
11/15/2020,0.35112128
11/16/2020,0.35112128
11/17/2020,0.35112128
11/18/2020,0.35112128
11/19/2020,0.35112128
11/20/2020,0.35112128
11/21/2020,0.35112128
11/22/2020,0.35112128
11/23/2020,0.35112128
11/24/2020,0.35112128
11/25/2020,0.35112128
11/26/2020,0.35112128
11/27/2020,0.35112128
11/28/2020,0.35112128
11/29/2020,0.35112128
11/30/2020,0.35112128
12/1/2020,0.35112128
12/2/2020,0.35112128
12/3/2020,0.35112128
12/4/2020,0.35112128
12/5/2020,0.35112128
12/6/2020,0.35112128
12/7/2020,0.35112128
12/8/2020,0.35112128
12/9/2020,0.35112128
12/10/2020,0.35112128
12/11/2020,0.35112128
12/12/2020,0.35112128
12/13/2020,0.35112128
12/14/2020,0.35112128
12/15/2020,0.35112128
12/16/2020,0.35112128
12/17/2020,0.35112128
12/18/2020,0.35112128
12/19/2020,0.35112128
12/20/2020,0.35112128
12/21/2020,0.35112128
12/22/2020,0.35112128
12/23/2020,0.35112128
12/24/2020,0.35112128
12/25/2020,0.35112128
12/26/2020,0.35112128
12/27/2020,0.35112128
12/28/2020,0.35112128
12/29/2020,0.35112128
12/30/2020,0.35112128
12/31/2020,0.35112128
1/1/2021,0.35112128
1/2/2021,0.35112128
1/3/2021,0.35112128
1/4/2021,0.35112128
1/5/2021,0.35112128
1/6/2021,0.35112128
1/7/2021,0.35112128
1/8/2021,0.35112128
1/9/2021,0.35112128
1/10/2021,0.35112128
1/11/2021,0.35112128
1/12/2021,0.35112128
1/13/2021,0.35112128
1/14/2021,0.35112128
1/15/2021,0.35112128
1/16/2021,0.35112128
1/17/2021,0.35112128
1/18/2021,0.35112128
1/19/2021,0.35112128
1/20/2021,0.35112128
1/21/2021,0.35112128
1/22/2021,0.35112128
1/23/2021,0.35112128
1/24/2021,0.35112128
1/25/2021,0.35112128
1/26/2021,0.35112128
1/27/2021,0.35112128
1/28/2021,0.35112128
1/29/2021,0.35112128
1/30/2021,0.35112128
1/31/2021,0.35112128
2/1/2021,0.35112128
2/2/2021,0.35112128
2/3/2021,0.35112128
2/4/2021,0.35112128
2/5/2021,0.35112128
2/6/2021,0.35112128
2/7/2021,0.35112128
2/8/2021,0.35112128
2/9/2021,0.35112128
2/10/2021,0.35112128
2/11/2021,0.35112128
2/12/2021,0.35112128
2/13/2021,0.35112128
2/14/2021,0.35112128
2/15/2021,0.35112128
2/16/2021,0.35112128
2/17/2021,0.35112128
2/18/2021,0.35112128
2/19/2021,0.35112128
2/20/2021,0.35112128
2/21/2021,0.35112128
2/22/2021,0.35112128
2/23/2021,0.35112128
2/24/2021,0.35112128
2/25/2021,0.35112128
2/26/2021,0.35112128
2/27/2021,0.35112128
2/28/2021,0.35112128
3/1/2021,0.35112128
3/2/2021,0.35112128
3/3/2021,0.35112128
3/4/2021,0.35112128
3/5/2021,0.35112128
3/6/2021,0.35112128
3/7/2021,0.35112128
3/8/2021,0.35112128
3/9/2021,0.35112128
3/10/2021,0.35112128
3/11/2021,0.35112128
3/12/2021,0.35112128
3/13/2021,0.35112128
3/14/2021,0.35112128
3/15/2021,0.35112128
3/16/2021,0.35112128
3/17/2021,0.35112128
3/18/2021,0.35112128
3/19/2021,0.35112128
3/20/2021,0.35112128
3/21/2021,0.35112128
3/22/2021,0.35112128
3/23/2021,0.35112128
3/24/2021,0.35112128
3/25/2021,0.35112128
3/26/2021,0.35112128
3/27/2021,0.35112128
3/28/2021,0.35112128
3/29/2021,0.35112128
3/30/2021,0.35112128
3/31/2021,0.35112128
4/1/2021,0.35112128
4/2/2021,0.35112128
4/3/2021,0.35112128
4/4/2021,0.35112128
4/5/2021,0.35112128
4/6/2021,0.35112128
4/7/2021,0.35112128
4/8/2021,0.35112128
4/9/2021,0.35112128
4/10/2021,0.35112128
4/11/2021,0.35112128
4/12/2021,0.35112128
4/13/2021,0.35112128
4/14/2021,0.35112128
4/15/2021,0.35112128
4/16/2021,0.35112128
4/17/2021,0.35112128
4/18/2021,0.35112128
4/19/2021,0.35112128
4/20/2021,0.35112128
4/21/2021,0.35112128
4/22/2021,0.35112128
4/23/2021,0.35112128
4/24/2021,0.35112128
4/25/2021,0.35112128
4/26/2021,0.35112128
4/27/2021,0.35112128
4/28/2021,0.35112128
4/29/2021,0.35112128
4/30/2021,0.35112128
5/1/2021,0.35112128
5/2/2021,0.35112128
5/3/2021,0.35112128
5/4/2021,0.35112128
5/5/2021,0.35112128
5/6/2021,0.35112128
5/7/2021,0.35112128
5/8/2021,0.35112128
5/9/2021,0.35112128
5/10/2021,0.35112128
5/11/2021,0.35112128
5/12/2021,0.35112128
5/13/2021,0.35112128
5/14/2021,0.35112128
5/15/2021,0.35112128
5/16/2021,0.37118536
5/17/2021,0.37118536
5/18/2021,0.37118536
5/19/2021,0.37118536
5/20/2021,0.37118536
5/21/2021,0.37118536
5/22/2021,0.37118536
5/23/2021,0.42134553
5/24/2021,0.42134553
5/25/2021,0.42134553
5/26/2021,0.42134553
5/27/2021,0.42134553
5/28/2021,0.42134553
5/29/2021,0.47150573
5/30/2021,0.47150573
5/31/2021,0.47150573
6/1/2021,0.48153776
6/2/2021,0.4915698
6/3/2021,0.4915698
6/4/2021,0.5116339
6/5/2021,0.5316979
6/6/2021,0.5316979
6/7/2021,0.54173
6/8/2021,0.56179404
6/9/2021,0.56179404
6/10/2021,0.56179404
6/11/2021,0.58185816
6/12/2021,0.59189016
6/13/2021,0.6019222
6/14/2021,0.6019222
6/15/2021,0.62198627
6/16/2021,0.62198627
6/17/2021,0.62198627
6/18/2021,0.6320183
6/19/2021,0.6520824
6/20/2021,0.67214644
6/21/2021,0.7122746
6/22/2021,0.7122746
6/23/2021,0.72230667
6/24/2021,0.7524028
6/25/2021,0.77246684
6/26/2021,0.77246684
6/27/2021,0.80256295
6/28/2021,0.822627
6/29/2021,0.84269106
6/30/2021,0.8727872
7/1/2021,0.8727872
7/2/2021,0.9229474
7/3/2021,0.9229474
7/4/2021,0.99317163
7/5/2021,1.0633959
7/6/2021,1.1336201
7/7/2021,1.2138765
7/8/2021,1.2740687
7/9/2021,1.3844211
7/10/2021,1.4646773
7/11/2021,1.6251899
7/12/2021,1.7957345
7/13/2021,1.9462152
7/14/2021,2.0565674
7/15/2021,2.0766315
7/16/2021,2.2572083
7/17/2021,2.2572083
7/18/2021,2.5481374
7/19/2021,2.5481374
7/20/2021,3.3507004
7/21/2021,3.7118535
7/22/2021,3.7118535
7/23/2021,3.7118535
7/24/2021,3.7118535
7/25/2021,3.7118535
7/26/2021,5.2567873
7/27/2021,5.2567873
7/28/2021,6.3201833
7/29/2021,10.252742
7/30/2021,11.647195
7/31/2021,13.10184
8/1/2021,13.10184
8/2/2021,18.87026
8/3/2021,20.776348
8/4/2021,23.34455
8/5/2021,27.28714
8/6/2021,30.256622
8/7/2021,32.60412
8/8/2021,34.078827
8/9/2021,37.69036
8/10/2021,41.58279
8/11/2021,45.01375
8/12/2021,48.28419
8/13/2021,51.043003
8/14/2021,54.54418
8/15/2021,57.92498
8/16/2021,61.60674
8/17/2021,64.927345
8/18/2021,67.916885
8/19/2021,71.729065
8/20/2021,75.641556
8/21/2021,75.641556
8/22/2021,83.03517
8/23/2021,86.93763
8/24/2021,90.42878
8/25/2021,93.78951
8/26/2021,96.9797
8/27/2021,100.852066
8/28/2021,104.38334
8/29/2021,107.834366
8/30/2021,110.99445
8/31/2021,110.99445
9/1/2021,119.06021
9/2/2021,121.76886
9/3/2021,124.85873
9/4/2021,128.33984
9/5/2021,131.15884
9/6/2021,134.27881
9/7/2021,137.44893
9/8/2021,141.80284
9/9/2021,145.16357
9/10/2021,147.92238
9/11/2021,150.66113
9/12/2021,153.2795
9/13/2021,157.1017
9/14/2021,159.87054
9/15/2021,162.37854
9/16/2021,164.7762
9/17/2021,166.903
9/18/2021,169.11005
9/19/2021,171.44751
9/20/2021,173.6044
9/21/2021,176.01208
9/22/2021,178.37964
9/23/2021,182.7837
9/24/2021,182.7837
9/25/2021,184.58948
9/26/2021,186.43536
9/27/2021,188.18094
9/28/2021,189.96664
9/29/2021,191.59184
9/30/2021,193.62834
10/1/2021,194.99269
10/2/2021,196.63795
10/3/2021,197.7816
10/4/2021,199.08577
10/5/2021,200.43007
10/6/2021,201.62387
10/7/2021,202.87788
10/8/2021,204.02153
10/9/2021,205.07489
10/10/2021,206.20851
10/11/2021,207.3622
10/12/2021,208.29518
10/13/2021,209.35858
10/14/2021,210.17117
10/15/2021,211.10414
10/16/2021,211.98697
10/17/2021,212.61899
10/18/2021,213.37138
10/19/2021,214.1238
10/20/2021,214.8461
10/21/2021,215.05678
10/22/2021,216.12016
10/23/2021,216.89264
10/24/2021,217.42433
10/25/2021,218.07642
10/26/2021,218.71846
10/27/2021,219.2602
10/28/2021,219.80193
10/29/2021,220.36372
10/30/2021,221.00577
10/31/2021,221.53746
11/1/2021,222.05913
11/2/2021,222.76137
11/3/2021,223.54387
11/4/2021,224.13576
11/5/2021,224.83801
11/6/2021,225.41986
11/7/2021,226.03181
11/8/2021,226.70396
11/9/2021,227.58679
11/10/2021,228.37932
11/11/2021,229.222
11/12/2021,230.0346
11/13/2021,230.91742
11/14/2021,231.55948
11/15/2021,232.57271
11/16/2021,233.4455
11/17/2021,234.11765
11/18/2021,235.5121
11/19/2021,236.53535
11/20/2021,237.6088
11/21/2021,238.37123
11/22/2021,240.27731
11/23/2021,241.95267
11/24/2021,243.20667
11/25/2021,244.85191
11/26/2021,246.2263
11/27/2021,247.71104
11/28/2021,249.61714
11/29/2021,251.35268
11/30/2021,253.329
12/1/2021,255.29527
12/2/2021,257.402
12/3/2021,259.40842
12/4/2021,261.44492
12/5/2021,263.44128
12/6/2021,265.67844
12/7/2021,267.85538
12/8/2021,270.16275
12/9/2021,272.73096
12/10/2021,274.89786
12/11/2021,276.99457
12/12/2021,279.28186
12/13/2021,281.70963
12/14/2021,284.2377
12/15/2021,287.07675
12/16/2021,289.49448
12/17/2021,291.96237
12/18/2021,294.45032
12/19/2021,296.6072
12/20/2021,298.8644
12/21/2021,301.3724
12/22/2021,303.47916
12/23/2021,306.28812
12/24/2021,308.64563
12/25/2021,311.06335
12/26/2021,313.13998
12/27/2021,315.18652
12/28/2021,317.33337
12/29/2021,319.79123
12/30/2021,322.71057
12/31/2021,324.97778
1/1/2022,327.1447
1/2/2022,329.3618
1/3/2022,331.26788
1/4/2022,333.51505
1/5/2022,335.82242
1/6/2022,337.51785
1/7/2022,339.85532
1/8/2022,342.263
1/9/2022,344.28946
1/10/2022,346.41626
1/11/2022,348.98447
1/12/2022,350.76013
1/13/2022,352.82672
1/14/2022,354.5422
1/15/2022,355.93668
1/16/2022,357.2308
1/17/2022,359.02652
1/18/2022,360.87244
1/19/2022,362.29697
1/20/2022,363.82184
1/21/2022,365.5975
1/22/2022,367.13242
1/23/2022,368.36636
1/24/2022,370.02164
1/25/2022,371.28568
1/26/2022,372.84064
1/27/2022,374.10468
1/28/2022,375.5192
1/29/2022,376.67288
1/30/2022,377.88675
1/31/2022,378.98026
2/1/2022,378.98026
2/2/2022,378.98026
2/3/2022,381.84943
2/4/2022,382.6921
2/5/2022,383.83575
2/6/2022,384.46777
2/7/2022,385.47098
2/8/2022,386.4441
2/9/2022,387.37708
2/10/2022,388.11945
2/11/2022,389.08252
2/12/2022,389.86502
2/13/2022,390.7077
2/14/2022,391.6206
2/15/2022,392.47333
2/16/2022,393.13547
2/17/2022,394.03833
2/18/2022,394.8409
2/19/2022,395.49298
2/20/2022,396.27548
2/21/2022,397.31882
2/22/2022,398.09128
2/23/2022,398.46246
2/24/2022,400.11774
2/25/2022,400.90024
2/26/2022,401.78308
2/27/2022,402.72607
2/28/2022,403.80954
3/1/2022,404.6723
3/2/2022,405.81595
3/3/2022,406.76898
3/4/2022,407.7421
3/5/2022,408.56473
3/6/2022,409.4375
3/7/2022,410.22
3/8/2022,411.08276
3/9/2022,412.17627
3/10/2022,412.88855
3/11/2022,413.6008
3/12/2022,414.2228
3/13/2022,415.17584
3/14/2022,416.0988
3/15/2022,416.78098
3/16/2022,417.40295
3/17/2022,418.16537
3/18/2022,418.7372
3/19/2022,419.50967
3/20/2022,420.1417
3/21/2022,420.8339
3/22/2022,421.486
3/23/2022,422.09793
3/24/2022,422.8002
3/25/2022,423.31183
3/26/2022,423.9338
3/27/2022,424.41534
3/28/2022,424.937
3/29/2022,425.48877
3/30/2022,425.9001
3/31/2022,426.29132
4/1/2022,426.6224
4/2/2022,426.9936
4/3/2022,427.36478
4/4/2022,427.7861
4/5/2022,428.17737
4/6/2022,428.48834
4/7/2022,428.69904
4/8/2022,429.05014
4/9/2022,429.31097
4/10/2022,429.5016
4/11/2022,429.67212
4/12/2022,429.95303
4/13/2022,430.15366
4/14/2022,430.3844
4/15/2022,430.61514
4/16/2022,430.71545
4/17/2022,430.8158
4/18/2022,430.9462
4/19/2022,431.12677
4/20/2022,431.197
4/21/2022,431.2873
4/22/2022,431.3575
4/23/2022,431.4177
4/24/2022,431.508
4/25/2022,431.58826
4/26/2022,431.66852
4/27/2022,431.71866
4/28/2022,431.74875
4/29/2022,431.7588
4/30/2022,431.78888
5/1/2022,431.79892
5/2/2022,431.819
5/3/2022,431.819
5/4/2022,431.8491
5/5/2022,431.86914
5/6/2022,431.92935
5/7/2022,431.92935
5/8/2022,431.93936
5/9/2022,431.9494
5/10/2022,431.95944
5/11/2022,431.9795
5/12/2022,432.00958
5/13/2022,432.00958
5/14/2022,432.02966
5/15/2022,432.02966
5/16/2022,432.0497
5/17/2022,432.08984
5/18/2022,432.09988
5/19/2022,432.10992
5/20/2022,432.12997
5/21/2022,432.12997
5/22/2022,432.12997
5/23/2022,432.14
5/24/2022,432.14
5/25/2022,432.16006
5/26/2022,432.16006
5/27/2022,432.16006
5/28/2022,432.16006
5/29/2022,432.16006
5/30/2022,432.16006
5/31/2022,432.1701
6/1/2022,432.18015
6/2/2022,432.18015
6/3/2022,432.18015
6/4/2022,432.18015
6/5/2022,432.1902
6/6/2022,432.1902
6/7/2022,432.1902
6/8/2022,432.1902
6/9/2022,432.2002
6/10/2022,432.2002
6/11/2022,432.21024
6/12/2022,432.21024
6/13/2022,432.21024
6/14/2022,432.21024
6/15/2022,432.21024
6/16/2022,432.21024
6/17/2022,432.21024
6/18/2022,432.21024
6/19/2022,432.21024
6/20/2022,432.22028
6/21/2022,432.22028
6/22/2022,432.22028
6/23/2022,432.22028
6/24/2022,432.22028
6/25/2022,432.22028
6/26/2022,432.22028
6/27/2022,432.25037
6/28/2022,432.25037
6/29/2022,432.25037
6/30/2022,432.25037
